,index,Status,Inversions,Speed /mph,Height /ft,Drop /ft,Length /ft,G-Force
0,1,1,2.0,49.1,86.9,114.6054131054131,2296.6,
1,2,1,2.0,71.5,200.2,190.3,4176.5,4.2
2,13,1,3.0,44.0,105.0,114.6054131054131,3280.8,
3,15,1,3.0,43.5,75.5,114.6054131054131,1624.0,
4,17,1,3.0,60.0,145.0,127.0,4198.0,5.2
5,18,1,3.0050420168067227,52.8,98.4,114.6054131054131,2706.7,4.0
6,20,1,3.0050420168067227,30.1,45.9,114.6054131054131,2575.5,2.2
7,21,1,3.0,58.0,130.0,114.6054131054131,3000.0,
8,25,0,3.0050420168067227,31.1,44.3,114.6054131054131,1765.1,
9,26,0,3.0050420168067227,29.1,42.7,114.6054131054131,1377.9,2.5
10,28,1,3.0,58.0,98.0,114.6054131054131,3000.0,
11,33,1,3.0050420168067227,73.0,208.0,205.0,5400.0,
12,35,1,3.0050420168067227,62.1,131.3,114.6054131054131,2001.7804232804233,4.2
13,36,0,3.0050420168067227,35.0,59.0,114.6054131054131,1427.0,
14,38,1,3.0050420168067227,41.0,64.0,56.0,1196.0,
15,39,1,3.0050420168067227,83.0,196.8,221.2,2001.7804232804233,4.5
16,40,1,3.0,55.0,109.0,114.6054131054131,3320.0,
17,41,1,3.0,55.9,101.8,114.6054131054131,2263.8,4.0
18,42,1,3.0050420168067227,45.51390243902439,49.3,114.6054131054131,2001.7804232804233,2.5
19,46,1,5.0,49.7,109.3,114.6054131054131,2260.5,
20,50,1,3.0050420168067227,41.0,57.1,52.5,1525.6,
21,51,0,3.0050420168067227,45.51390243902439,13.0,114.6054131054131,262.5,
22,56,1,1.0,62.0,150.0,114.6054131054131,863.0,
23,57,1,3.0050420168067227,74.0,213.0,205.0,5497.0,3.5
24,59,1,4.0,50.0,78.0,76.0,2160.0,
25,64,0,3.0050420168067227,45.51390243902439,16.4,114.6054131054131,721.8,
26,66,1,3.0050420168067227,51.5,101.6,89.6,3900.0,
27,67,1,3.0050420168067227,29.8,52.5,114.6054131054131,2578.8,
28,71,1,3.0050420168067227,72.0,205.0,194.7,5106.0,
29,74,1,3.0050420168067227,24.9,26.2,114.6054131054131,2001.7804232804233,
30,76,1,1.0,55.0,110.0,114.6054131054131,2050.5,4.8
31,77,1,2.0,45.51390243902439,151.6,114.6054131054131,590.6,
32,78,1,1.0,60.0,102.0,130.0,4429.0,4.0
33,79,1,3.0050420168067227,43.0,30.0,54.0,2800.0,4.0
34,81,1,3.0050420168067227,67.1,209.3,114.6054131054131,541.3,3.5
35,84,1,5.0,49.7,109.3,114.6054131054131,2260.5,
36,87,0,3.0,65.6,191.6,177.0,1204.0,4.5
37,91,1,3.0050420168067227,29.1,42.7,114.6054131054131,1377.9,2.5
38,92,1,3.0050420168067227,18.6,29.5,114.6054131054131,574.2,
39,94,1,4.0,50.0,103.7,90.0,2130.0,
40,95,1,6.0,64.6,164.1,147.7,3937.0,4.0
41,97,1,4.0,49.7,124.0,114.6054131054131,2001.7804232804233,
42,99,1,5.0,49.7,109.3,114.6054131054131,2510.0,
43,103,0,3.0050420168067227,18.6,19.7,114.6054131054131,803.8,
44,104,1,3.0050420168067227,24.2,29.5,114.6054131054131,728.3,
45,105,1,3.0050420168067227,59.3,78.1,114.6054131054131,3169.3,
46,106,1,1.0,62.1,131.2,114.6054131054131,2296.6,
47,107,1,4.0,60.0,145.0,137.0,3900.0,
48,109,1,5.0,49.7,101.7,114.6054131054131,2171.9,
49,111,1,4.0,54.7,114.8,114.6054131054131,2788.8,4.0
50,113,1,3.0050420168067227,34.2,55.8,114.6054131054131,1640.4,
51,118,1,3.0050420168067227,83.0,196.8,221.2,2001.7804232804233,4.5
52,120,1,1.0,45.51390243902439,33.0,114.6054131054131,656.2,
53,122,0,8.0,49.7,101.7,114.6054131054131,2723.1,
54,123,1,3.0050420168067227,46.0,84.0,114.6054131054131,3127.0,
55,125,1,3.0050420168067227,45.51390243902439,13.0,114.6054131054131,262.5,
56,126,1,2.0,45.51390243902439,70.0,114.6054131054131,1250.0,
57,130,1,3.0050420168067227,55.0,70.0,90.0,3250.0,
58,132,1,3.0050420168067227,52.8,110.0,80.0,4000.0,
59,136,1,2.0,56.0,59.1,114.6054131054131,2822.0,
60,144,1,3.0050420168067227,55.9,118.1,114.6054131054131,3510.5,
61,146,1,2.0,55.0,100.0,90.0,2900.0,
62,148,0,3.0,47.0,116.5,114.6054131054131,935.0,5.2
63,151,1,3.0050420168067227,70.0,180.0,114.6054131054131,704.0,
64,156,1,1.0,62.0,150.0,114.6054131054131,863.0,
65,162,1,3.0,78.3,226.4,114.6054131054131,3444.9,
66,163,1,1.0,45.0,72.0,114.6054131054131,1404.0,
67,165,1,3.0050420168067227,46.6,72.2,114.6054131054131,2198.1,3.8
68,168,1,3.0,47.0,116.5,114.6054131054131,935.0,5.2
69,171,0,2.0,38.0,65.6,114.6054131054131,1148.3,4.0
70,175,1,4.0,62.1,124.0,114.6054131054131,3464.0,3.8
71,176,1,2.0,45.51390243902439,68.9,114.6054131054131,1640.4,
72,177,1,3.0,43.5,72.2,114.6054131054131,1184.4,4.5
73,179,1,2.0,50.0,90.0,114.6054131054131,2040.0,
74,180,1,4.0,62.0,170.0,111.0,3602.0,
75,181,1,3.0,45.51390243902439,78.8,114.6054131054131,1633.8,
76,182,0,1.0,35.0,50.7,114.6054131054131,1830.7,5.0
77,185,1,3.0050420168067227,35.0,35.0,114.6054131054131,1385.0,
78,186,1,3.0050420168067227,75.0,200.0,114.6054131054131,3600.0,
79,187,1,3.0050420168067227,29.1,42.7,114.6054131054131,1377.9,2.5
80,188,1,7.0,62.1,164.1,114.6054131054131,3608.9,
81,189,1,3.0,47.0,116.5,114.6054131054131,935.0,5.2
82,190,1,3.0050420168067227,16.2,10.8,114.6054131054131,197.5,
83,195,1,1.0,45.51390243902439,59.0,114.6054131054131,1286.1,
84,199,0,3.0050420168067227,28.0,49.3,114.6054131054131,1213.9,
85,201,1,1.0,45.51390243902439,36.1,114.6054131054131,1197.5,
86,202,1,3.0050420168067227,22.4,26.3,114.6054131054131,1181.1,
87,206,1,1.0,53.0,137.8,114.6054131054131,722.0,
88,207,1,3.0,47.0,116.5,114.6054131054131,935.0,5.2
89,209,1,7.0,67.0,110.0,104.9,3700.0,4.0
90,212,1,3.0050420168067227,44.7,23.0,114.6054131054131,1984.9,
91,216,1,3.0050420168067227,24.2,29.5,114.6054131054131,728.3,
92,218,1,4.0,49.7,108.3,95.2,2624.7,
93,219,1,1.0,31.7,87.93446200150488,114.6054131054131,1049.8,
94,222,1,3.0050420168067227,29.1,42.7,114.6054131054131,1377.9,2.5
95,224,1,5.0,50.0,105.0,114.6054131054131,2693.0,
96,227,1,3.0050420168067227,45.51390243902439,13.0,114.6054131054131,262.5,
97,228,1,3.0050420168067227,43.6,87.93446200150488,72.2,2608.3,
98,229,1,3.0050420168067227,54.0,57.0,114.6054131054131,2109.6,
99,230,0,5.0,49.7,109.3,114.6054131054131,2260.5,
100,234,1,2.0,55.9,98.4,123.0,1643.7,
101,235,0,4.0,70.0,155.0,80.0,2757.0,
102,243,0,5.0,44.7,101.7,114.6054131054131,2582.0,5.0
103,245,0,2.0,52.0,93.0,114.6054131054131,2200.0,
104,246,1,3.0050420168067227,17.9,14.8,114.6054131054131,229.7,
105,249,1,3.0050420168067227,45.51390243902439,13.0,114.6054131054131,262.5,
106,250,1,2.0,31.1,68.9,114.6054131054131,1437.0,4.0
107,253,1,2.0,46.0,70.0,62.0,1250.0,
108,259,1,3.0050420168067227,49.7,82.0,101.7,2427.8,3.5
109,260,1,3.0050420168067227,45.51390243902439,49.3,114.6054131054131,2001.7804232804233,2.5
110,262,0,1.0,48.0,87.93446200150488,87.0,2575.0,
111,263,1,3.0,47.0,116.5,114.6054131054131,935.0,5.2
112,264,1,1.0,62.0,150.0,114.6054131054131,863.0,
113,265,1,1.0,55.0,113.0,114.6054131054131,3457.0,4.9
114,266,1,3.0050420168067227,42.0,70.0,64.0,3100.0,
115,268,0,2.0,40.0,75.0,68.0,2400.0,
116,270,1,3.0050420168067227,38.0,51.0,46.0,1544.0,3.0
117,271,1,3.0050420168067227,21.7,27.9,114.6054131054131,679.2,
118,272,1,3.0050420168067227,91.0,287.0,300.0,5321.0,
119,276,1,3.0050420168067227,22.4,26.3,114.6054131054131,1181.1,
120,277,1,3.0050420168067227,70.0,200.0,175.0,4480.0,
121,280,1,3.0050420168067227,46.6,63.3,114.6054131054131,1486.3,3.5
122,285,1,3.0050420168067227,37.3,55.8,114.6054131054131,1181.1,
123,286,0,3.0050420168067227,35.0,86.0,114.6054131054131,1900.0,
124,290,1,3.0050420168067227,24.2,29.5,114.6054131054131,728.3,
125,296,1,3.0050420168067227,43.5,77.1,114.6054131054131,2427.8,
126,300,1,3.0050420168067227,68.0,65.0,180.0,1222.0,4.5
127,301,1,3.0050420168067227,45.51390243902439,47.6,114.6054131054131,1183.4,
128,302,1,2.0,52.8,105.0,114.6054131054131,2913.4,
129,304,1,3.0050420168067227,34.2,55.8,114.6054131054131,1312.3,
130,307,0,3.0050420168067227,45.51390243902439,55.0,114.6054131054131,1700.0,
131,311,1,3.0,65.6,191.0,177.0,1204.0,4.5
132,317,0,3.0050420168067227,57.0,110.0,114.6054131054131,4000.0,
133,318,1,2.0,37.3,64.0,114.6054131054131,1148.3,
134,320,1,3.0050420168067227,51.2,102.3,84.9,3074.0,
135,321,1,3.0,65.2,154.2,164.0,2296.6,
136,323,0,1.0,57.0,137.8,114.6054131054131,863.0,
137,325,1,5.0,49.7,109.3,114.6054131054131,2260.5,
138,327,1,2.0,49.7,97.4,114.6054131054131,1837.3,
139,330,0,3.0050420168067227,45.51390243902439,14.4,114.6054131054131,459.3,
140,335,1,3.0,43.5,75.5,114.6054131054131,1624.0,
141,342,1,1.0,45.0,63.0,114.6054131054131,1775.0,
142,343,0,3.0050420168067227,29.1,42.7,114.6054131054131,1377.9,2.5
143,344,1,5.0,55.9,111.6,114.6054131054131,2447.5,3.5
144,351,1,3.0050420168067227,37.3,50.9,114.6054131054131,1410.8,
145,354,1,1.0,45.51390243902439,36.1,114.6054131054131,1197.5,
146,357,0,3.0050420168067227,43.5,85.3,114.6054131054131,2139.1,3.0
147,360,1,3.0050420168067227,68.3,87.93446200150488,179.0,1250.0,5.0
148,363,0,1.0,50.0,131.0,114.6054131054131,2001.7804232804233,
149,364,1,3.0050420168067227,32.3,68.8,114.6054131054131,3044.6,
150,365,0,3.0050420168067227,34.0,100.0,114.6054131054131,2456.0,
151,368,1,3.0050420168067227,28.0,45.9,114.6054131054131,1213.9,
152,372,1,3.0050420168067227,48.0,80.0,85.0,2800.0,
153,374,1,3.0050420168067227,24.6,39.3,114.6054131054131,951.4,
154,376,0,3.0050420168067227,28.0,49.3,114.6054131054131,1213.9,
155,379,1,3.0050420168067227,45.51390243902439,13.0,114.6054131054131,262.5,
156,380,1,3.0050420168067227,26.7,40.0,114.6054131054131,6281.1,
157,383,1,3.0050420168067227,36.0,55.8,114.6054131054131,1410.8,
158,384,0,3.0050420168067227,16.2,10.8,114.6054131054131,197.5,
159,385,1,3.0050420168067227,75.0,200.0,205.0,5600.0,
160,387,1,3.0050420168067227,24.2,29.5,114.6054131054131,728.3,
161,388,1,6.0,65.0,150.0,114.6054131054131,3738.0,
162,389,1,3.0050420168067227,24.6,30.2,114.6054131054131,764.4,2.2
163,390,1,3.0050420168067227,21.7,27.9,114.6054131054131,679.2,
164,391,0,3.0050420168067227,45.51390243902439,15.0,8.0,2001.7804232804233,
165,395,1,2.0,52.8,137.8,114.6054131054131,705.4,
166,397,0,3.0050420168067227,45.0,93.5,114.6054131054131,7677.2,
167,398,1,3.0050420168067227,35.0,51.8,49.8,1312.3,
168,399,1,4.0,53.7,117.8,111.8,2454.1,
169,400,0,1.0,45.51390243902439,36.1,114.6054131054131,1197.5,
170,402,1,3.0050420168067227,35.0,63.5,114.6054131054131,2000.0,
171,403,0,2.0,55.9,229.7,114.6054131054131,1509.2,6.5
172,405,0,1.0,70.0,224.0,114.6054131054131,1365.0,3.5
173,406,1,3.0050420168067227,52.8,47.9,114.6054131054131,1463.3,
174,409,1,3.0050420168067227,55.0,85.0,114.6054131054131,2700.0,
175,410,1,4.0,58.0,90.0,124.0,2800.0,
176,411,1,3.0050420168067227,63.4,210.0,114.6054131054131,590.6,
177,415,0,3.0050420168067227,58.0,93.0,114.6054131054131,3819.0,
178,417,1,3.0050420168067227,37.3,39.3,114.6054131054131,1049.8,
179,419,1,1.0,52.8,88.5,82.0,3750.0,4.3
180,421,1,3.0050420168067227,56.0,105.0,105.8,3590.0,
181,423,0,1.0,45.0,63.0,114.6054131054131,1775.0,
182,431,0,3.0050420168067227,19.9,19.7,114.6054131054131,652.9,
183,432,1,4.0,70.0,208.0,114.6054131054131,2735.0,
184,433,1,3.0050420168067227,8.9,4.3,114.6054131054131,2001.7804232804233,
185,437,0,3.0050420168067227,28.0,36.1,114.6054131054131,1066.3,
186,444,1,3.0050420168067227,46.6,49.3,114.6054131054131,1968.5,2.5
187,445,0,2.0,40.0,75.0,68.0,2400.0,
188,447,1,3.0050420168067227,29.1,42.7,114.6054131054131,1377.9,2.5
189,450,0,3.0050420168067227,18.6,14.8,114.6054131054131,413.4,
190,452,1,2.0,38.0,65.6,114.6054131054131,1148.3,4.0
191,453,0,3.0050420168067227,55.0,75.0,114.6054131054131,2500.0,
192,456,1,3.0050420168067227,80.0,205.1,114.6054131054131,1312.3,
193,460,1,4.0,55.0,98.0,114.6054131054131,1975.0,
194,461,0,3.0,50.0,131.2,114.6054131054131,1013.8,5.0
195,462,1,4.0,55.9,114.8,114.6054131054131,2234.3,4.3
196,467,1,3.0,65.6,191.0,177.0,1204.0,4.5
197,469,1,2.0,68.4,180.4,114.6054131054131,3215.2,
198,470,1,3.0050420168067227,24.9,31.2,114.6054131054131,1049.8,
199,476,1,7.0,65.0,150.0,150.0,3937.0,4.5
200,479,1,4.0,50.0,102.0,90.0,2130.0,
201,482,0,3.0050420168067227,40.0,70.0,70.0,2865.0,
202,489,1,3.0050420168067227,30.0,60.0,40.0,2680.0,
203,494,1,3.0050420168067227,27.7,42.6,114.6054131054131,1099.0,
204,501,1,3.0050420168067227,45.51390243902439,13.0,114.6054131054131,262.5,
205,503,0,2.0,49.7,93.5,85.3,2362.2,4.0
206,504,1,2.0,65.3,151.6,114.6054131054131,492.2,5.0
207,505,1,3.0050420168067227,45.51390243902439,60.0,45.0,2400.0,
208,506,1,5.0,65.2,132.0,114.6054131054131,2800.0,
209,511,1,3.0050420168067227,16.2,10.8,114.6054131054131,197.5,
210,518,1,3.0050420168067227,45.51390243902439,14.0,114.6054131054131,190.0,
211,519,0,3.0050420168067227,15.5,11.5,114.6054131054131,196.8,
212,522,1,2.0,51.0,106.0,100.0,2798.0,
213,527,1,3.0050420168067227,38.5,82.0,114.6054131054131,689.0,
214,528,1,3.0050420168067227,22.4,26.3,114.6054131054131,1181.1,
215,537,1,3.0050420168067227,35.0,55.8,114.6054131054131,1476.4,
216,540,1,6.0,58.0,121.0,114.6054131054131,2700.0,
217,542,1,2.0,43.5,85.3,114.6054131054131,1804.5,
218,543,1,3.0050420168067227,36.0,45.9,114.6054131054131,1236.8,
219,544,0,1.0,45.51390243902439,36.1,114.6054131054131,1197.5,
220,551,0,3.0050420168067227,45.51390243902439,45.0,114.6054131054131,800.0,
221,552,1,3.0050420168067227,45.51390243902439,49.3,114.6054131054131,2001.7804232804233,2.5
222,553,0,3.0050420168067227,45.51390243902439,13.0,114.6054131054131,262.5,
223,554,1,3.0050420168067227,64.0,87.93446200150488,139.0,3380.0,
224,555,1,3.0050420168067227,28.0,36.1,114.6054131054131,1066.3,
225,560,1,3.0050420168067227,50.0,75.0,114.6054131054131,2600.0,
226,566,1,3.0050420168067227,40.0,45.2,31.2,1960.0,
227,568,1,3.0050420168067227,22.4,26.3,114.6054131054131,1312.3,
228,572,0,3.0050420168067227,19.9,19.7,114.6054131054131,652.9,
229,576,1,3.0,52.0,95.0,114.6054131054131,2099.0,
230,577,1,7.0,60.0,150.0,128.0,3983.0,3.8
231,578,0,1.0,45.0,56.0,47.0,635.0,4.0
232,579,1,3.0050420168067227,40.0,55.0,114.6054131054131,1253.3,
233,584,0,3.0050420168067227,28.0,49.3,114.6054131054131,1213.9,
234,586,1,2.0,45.51390243902439,70.0,114.6054131054131,1200.0,
235,589,1,3.0,43.5,83.7,114.6054131054131,2001.7804232804233,
236,592,1,3.0050420168067227,48.0,82.0,80.0,2713.0,
237,595,1,3.0050420168067227,22.4,26.3,114.6054131054131,1181.1,
238,597,0,3.0,55.0,70.0,65.0,1565.0,
239,602,0,1.0,45.51390243902439,90.0,85.0,2300.0,3.4
240,604,1,3.0050420168067227,50.0,83.0,114.6054131054131,3157.0,
241,606,1,3.0,49.2,81.4,114.6054131054131,1837.3,3.8
242,615,1,4.0,49.7,108.3,95.2,2624.7,
243,617,1,3.0050420168067227,54.1,108.3,100.8,3198.8,
244,618,0,3.0050420168067227,22.4,24.6,114.6054131054131,721.8,
245,620,1,3.0050420168067227,34.2,64.3,114.6054131054131,1295.9,
246,623,1,10.0,52.8,108.3,114.6054131054131,2870.8,
247,624,0,3.0050420168067227,28.5,42.7,114.6054131054131,1099.1,
248,631,1,3.0050420168067227,27.7,41.7,114.6054131054131,1312.3,
249,633,0,3.0050420168067227,28.0,49.3,114.6054131054131,1213.9,
250,634,1,3.0050420168067227,80.0,209.0,225.0,5843.0,4.0
251,635,0,1.0,47.8,80.4,114.6054131054131,1942.3,
252,640,0,3.0050420168067227,31.1,44.3,114.6054131054131,1765.1,
253,642,1,3.0050420168067227,20.7,36.1,114.6054131054131,1017.1,3.0
254,643,0,1.0,57.0,137.8,114.6054131054131,863.0,
255,651,0,1.0,45.51390243902439,36.1,114.6054131054131,1197.5,
256,655,1,1.0,77.7,196.8,114.6054131054131,3438.3,
257,656,1,3.0050420168067227,49.7,147.7,114.6054131054131,4397.0,3.0
258,658,1,5.0,50.0,82.0,114.6054131054131,3255.0,
259,659,1,3.0050420168067227,40.0,45.2,31.2,1960.0,
260,661,0,5.0,51.0,115.0,114.6054131054131,2766.0,4.3
261,662,0,3.0,43.5,82.0,114.6054131054131,1263.1,
262,664,1,1.0,53.0,137.8,114.6054131054131,722.0,
263,670,1,3.0050420168067227,37.3,65.6,114.6054131054131,606.9,
264,673,0,3.0050420168067227,45.51390243902439,14.4,114.6054131054131,459.3,
265,675,1,3.0050420168067227,35.0,55.0,114.6054131054131,1300.0,
266,678,1,3.0050420168067227,31.1,49.3,114.6054131054131,1476.4,
267,680,1,5.0,49.7,109.3,114.6054131054131,2260.5,
268,681,1,1.0,64.0,134.5,114.6054131054131,1561.7,
269,682,1,3.0050420168067227,44.3,69.7,67.2,2032.0,
270,684,1,3.0050420168067227,29.1,42.7,114.6054131054131,1377.9,2.5
271,686,1,3.0050420168067227,28.5,42.7,114.6054131054131,1099.1,
272,690,1,3.0050420168067227,45.0,56.0,114.6054131054131,2036.0,
273,691,1,3.0050420168067227,84.5,242.8,255.9,5105.0,
274,692,0,1.0,38.0,60.0,114.6054131054131,1000.0,3.5
275,693,1,3.0050420168067227,73.0,87.93446200150488,165.0,3800.0,3.5
276,694,1,3.0050420168067227,31.1,54.2,114.6054131054131,1476.4,
277,696,1,3.0050420168067227,28.3,44.9,114.6054131054131,1469.8,
278,697,0,3.0050420168067227,32.9,45.9,114.6054131054131,2460.7,
279,698,1,7.0,70.0,188.0,171.0,3830.0,
280,701,1,3.0,47.0,116.5,114.6054131054131,935.0,5.2
281,706,1,3.0050420168067227,35.0,65.0,45.0,2602.0,
282,715,1,3.0050420168067227,42.3,83.7,114.6054131054131,2066.9,
283,716,1,3.0050420168067227,38.2,50.0,48.8,1588.0,
284,717,1,2.0,41.0,96.0,114.6054131054131,2001.7804232804233,
285,719,0,4.0,54.0,115.0,98.0,3675.0,
286,720,1,4.0,54.0,74.2,114.6054131054131,2705.0,4.5
287,722,1,3.0050420168067227,19.9,19.7,114.6054131054131,652.9,
288,723,0,3.0050420168067227,29.1,42.7,114.6054131054131,1377.9,2.5
289,728,1,3.0050420168067227,49.7,91.2,81.7,3605.7,
290,733,1,3.0050420168067227,24.2,29.5,114.6054131054131,728.3,
291,735,1,3.0050420168067227,73.0,200.0,200.0,4760.0,
292,736,0,3.0050420168067227,43.5,86.9,114.6054131054131,2601.7,5.0
293,738,1,3.0050420168067227,18.6,14.8,114.6054131054131,413.4,
294,740,1,3.0050420168067227,26.0,48.6,114.6054131054131,1122.1,2.2
295,741,1,7.0,63.0,150.0,141.0,3985.0,
296,744,0,3.0050420168067227,25.0,47.6,114.6054131054131,1183.4,
297,752,1,3.0050420168067227,37.3,50.8,114.6054131054131,1391.1,
298,758,0,5.0,50.0,115.0,114.6054131054131,3340.0,4.3
299,759,1,3.0050420168067227,19.9,19.7,114.6054131054131,652.9,
300,760,0,1.0,51.0,88.0,84.0,2210.0,
301,761,1,3.0050420168067227,30.5,65.6,114.6054131054131,1328.8,
302,762,1,3.0050420168067227,53.0,90.0,114.6054131054131,2850.0,
303,768,0,3.0050420168067227,62.1,187.0,114.6054131054131,580.8,
304,769,1,3.0050420168067227,28.0,45.9,114.6054131054131,1213.9,
305,770,1,4.0,49.7,85.3,88.6,2519.7,4.0
306,771,1,6.0,62.0,113.0,114.6054131054131,2956.0,
307,775,0,3.0050420168067227,29.1,42.7,114.6054131054131,1377.9,2.5
308,781,1,1.0,41.0,60.0,114.6054131054131,1817.0,
309,782,0,6.0,65.0,150.0,114.6054131054131,3738.0,
310,784,1,3.0050420168067227,29.1,42.7,114.6054131054131,1377.9,2.5
311,789,0,2.0,48.0,88.6,114.6054131054131,1670.0,
312,791,1,1.0,59.0,114.8,114.6054131054131,2460.7,
313,796,0,3.0050420168067227,63.4,139.0,129.0,5577.4,
314,797,1,3.0050420168067227,37.0,62.3,39.0,1410.8,3.3
315,804,1,1.0,62.1,164.1,114.6054131054131,902.3,
316,806,0,2.0,36.0,95.0,114.6054131054131,1800.0,
317,808,1,5.0,49.7,109.3,114.6054131054131,2260.5,
318,809,0,3.0,45.51390243902439,85.3,114.6054131054131,1752.0,
319,817,0,3.0050420168067227,15.7,22.7,114.6054131054131,262.5,
320,821,1,3.0050420168067227,55.0,60.0,114.6054131054131,2700.0,
321,824,1,1.0,45.51390243902439,36.1,114.6054131054131,1197.5,
322,825,1,3.0,50.0,131.2,114.6054131054131,1013.8,5.0
323,826,1,3.0050420168067227,56.0,85.0,114.6054131054131,3368.5,
324,827,1,3.0050420168067227,22.4,26.3,114.6054131054131,1181.1,
325,828,1,3.0050420168067227,40.0,55.8,54.8,1464.0,
326,830,1,3.0050420168067227,50.0,112.0,80.0,4424.0,
327,832,0,1.0,45.51390243902439,36.1,114.6054131054131,1197.5,
328,835,1,2.0,70.0,105.0,100.0,4450.0,
329,836,1,3.0050420168067227,31.1,44.3,114.6054131054131,1765.1,
330,837,1,3.0050420168067227,62.0,110.0,92.0,3872.0,
331,841,0,3.0050420168067227,34.1,81.0,114.6054131054131,3000.0,
332,843,1,1.0,70.0,218.0,114.6054131054131,1300.0,
333,845,1,3.0050420168067227,38.0,120.0,54.0,1019.0,
334,850,0,3.0050420168067227,25.5,55.8,114.6054131054131,1246.8,
335,852,1,3.0050420168067227,31.1,65.6,114.6054131054131,1148.3,
336,853,1,3.0050420168067227,34.2,68.9,114.6054131054131,1850.4,
337,854,0,3.0050420168067227,37.3,50.8,114.6054131054131,1391.1,
338,860,1,3.0050420168067227,45.51390243902439,45.0,114.6054131054131,1919.0,
339,861,0,3.0050420168067227,50.0,95.0,78.5,2970.0,
340,867,1,4.0,50.2,98.9,114.6054131054131,2769.0,5.2
341,868,1,3.0050420168067227,65.0,167.0,114.6054131054131,3800.0,
342,872,1,3.0050420168067227,31.1,44.3,114.6054131054131,1765.1,
343,878,1,5.0,49.7,109.3,114.6054131054131,2260.5,
344,879,0,3.0050420168067227,29.1,42.7,114.6054131054131,1377.9,2.5
345,891,1,3.0,47.0,116.5,114.6054131054131,935.0,5.2
346,895,1,3.0,47.0,116.5,114.6054131054131,935.0,5.2
347,896,0,1.0,45.51390243902439,36.1,114.6054131054131,1197.5,
348,899,0,3.0050420168067227,21.7,27.9,114.6054131054131,679.2,
349,906,1,2.0,52.8,131.3,114.6054131054131,2903.5,
350,910,0,3.0050420168067227,28.0,45.9,114.6054131054131,1213.9,
351,913,1,3.0,47.0,116.5,114.6054131054131,935.0,5.2
352,919,1,3.0050420168067227,71.5,202.0,114.6054131054131,4593.0,
353,922,1,5.0,45.51390243902439,147.7,114.6054131054131,3359.5,
354,923,1,4.0,39.2,98.4,114.6054131054131,2316.3,
355,926,0,1.0,55.9,87.93446200150488,114.6054131054131,2001.7804232804233,3.5
356,929,1,3.0050420168067227,35.0,51.8,49.8,1312.3,
357,930,1,3.0,47.0,116.5,114.6054131054131,935.0,5.2
358,944,0,3.0,47.0,116.5,114.6054131054131,935.0,5.2
359,948,1,3.0050420168067227,45.51390243902439,13.0,114.6054131054131,262.5,
360,949,0,1.0,45.0,56.0,47.0,635.0,4.0
361,952,0,5.0,44.7,101.7,114.6054131054131,2582.0,5.0
362,960,0,3.0,45.0,95.0,114.6054131054131,2001.7804232804233,
363,961,0,3.0050420168067227,33.2,65.6,114.6054131054131,2673.9,
364,966,1,3.0050420168067227,45.51390243902439,13.0,114.6054131054131,262.5,
365,970,1,3.0050420168067227,45.51390243902439,42.7,114.6054131054131,1049.8,
366,971,1,3.0050420168067227,46.6,65.6,114.6054131054131,2040.7,3.3
367,975,1,4.0,54.7,108.3,114.6054131054131,2430.0,
368,976,1,3.0050420168067227,74.6,173.9,114.6054131054131,4002.6,4.5
369,981,0,3.0050420168067227,24.9,26.3,114.6054131054131,2001.7804232804233,
370,984,1,2.0,44.7,78.8,114.6054131054131,2001.7804232804233,
371,985,1,3.0,47.0,116.5,114.6054131054131,935.0,5.2
372,986,1,4.0,60.0,149.0,123.0,3081.0,
373,989,0,4.0,54.0,115.0,98.0,3675.0,
374,991,0,3.0050420168067227,53.0,98.0,88.0,4000.0,
375,994,1,3.0050420168067227,44.1,72.2,114.6054131054131,2027.6,
376,995,1,3.0050420168067227,28.0,49.3,114.6054131054131,1213.9,
377,996,1,2.0,68.3,164.1,114.6054131054131,2001.7804232804233,
378,997,1,3.0050420168067227,45.51390243902439,32.8,114.6054131054131,1099.0,
379,999,1,3.0,43.5,72.2,114.6054131054131,1184.4,4.5
380,1000,1,3.0050420168067227,28.0,45.9,114.6054131054131,1213.9,
381,1004,1,3.0050420168067227,46.6,98.4,114.6054131054131,2887.2,
382,1011,1,5.0,49.7,101.7,114.6054131054131,2171.9,
383,1013,1,3.0050420168067227,26.7,55.8,114.6054131054131,1246.8,
384,1023,1,1.0,45.51390243902439,36.1,114.6054131054131,1197.5,
385,1025,1,3.0,55.9,111.5,114.6054131054131,1968.5,
386,1028,1,2.0,60.0,116.0,114.6054131054131,3600.0,
387,1032,1,3.0,55.9,108.3,114.6054131054131,2526.3,
388,1041,1,3.0,43.5,82.0,114.6054131054131,1312.3,
389,1043,0,3.0050420168067227,37.3,65.6,114.6054131054131,1719.2,
390,1046,0,1.0,49.7,164.1,114.6054131054131,1049.8,
391,1047,0,3.0050420168067227,41.2,56.8,114.6054131054131,2583.0,2.1
392,1048,1,2.0,76.0,175.0,215.0,3610.0,4.0
393,1054,1,5.0,49.7,109.3,114.6054131054131,2260.5,
394,1057,1,3.0,43.5,72.2,114.6054131054131,1184.4,4.5
395,1058,1,1.0,49.1,85.3,114.6054131054131,2431.1,
396,1060,1,3.0050420168067227,34.2,64.3,114.6054131054131,1295.9,
397,1061,1,3.0050420168067227,28.0,49.3,114.6054131054131,1213.9,
398,1063,1,3.0,55.9,150.0,114.6054131054131,2736.0,
399,1064,1,3.0050420168067227,74.6,219.8,205.0,5577.4,
400,1066,0,3.0050420168067227,45.51390243902439,45.0,114.6054131054131,1919.0,
401,1067,0,3.0050420168067227,45.51390243902439,39.4,114.6054131054131,866.1,
402,1075,1,3.0050420168067227,50.0,85.0,99.0,3158.0,2.5
403,1085,1,4.0,74.0,205.0,200.0,5740.0,
404,1086,1,3.0050420168067227,35.0,51.8,49.8,1312.3,
405,1087,0,3.0050420168067227,45.51390243902439,13.0,114.6054131054131,262.5,
406,1091,0,3.0050420168067227,45.51390243902439,93.0,80.0,3180.0,
407,1093,1,3.0050420168067227,18.6,29.5,114.6054131054131,574.2,
408,1095,0,3.0050420168067227,37.3,44.3,114.6054131054131,1509.2,
409,1102,1,4.0,65.9,170.6,105.0,3622.0,
410,1111,0,5.0,65.0,157.0,148.0,4210.0,3.8
411,1113,1,1.0,45.51390243902439,36.1,114.6054131054131,1197.5,
412,1114,1,1.0,49.7,87.93446200150488,114.6054131054131,905.5,
413,1115,1,3.0,45.51390243902439,78.8,114.6054131054131,1633.8,
414,1117,1,5.0,66.0,120.0,155.0,3073.0,
415,1118,1,3.0050420168067227,49.7,59.1,114.6054131054131,2821.5,2.0
416,1119,1,3.0050420168067227,52.8,101.7,98.4,2477.0,
417,1121,1,2.0,45.51390243902439,70.5,114.6054131054131,1459.9,
418,1124,1,3.0050420168067227,65.9,153.7,150.9,3982.9,
419,1125,0,3.0,47.0,116.5,114.6054131054131,935.0,5.2
420,1139,1,3.0050420168067227,57.0,105.0,89.0,3450.0,
421,1140,1,3.0,43.5,98.4,114.6054131054131,1181.1,
422,1144,1,5.0,55.0,87.93446200150488,114.6054131054131,3000.0,
423,1145,1,3.0050420168067227,49.7,98.4,114.6054131054131,1279.5,
424,1151,1,3.0050420168067227,18.6,14.8,114.6054131054131,413.4,
425,1155,1,3.0050420168067227,18.6,29.5,114.6054131054131,574.2,
426,1156,1,3.0050420168067227,28.0,19.7,114.6054131054131,1213.8,
427,1170,1,2.0,37.3,64.0,114.6054131054131,1148.3,
428,1174,1,3.0050420168067227,18.6,29.5,114.6054131054131,574.2,
429,1177,1,1.0,30.0,22.0,114.6054131054131,320.0,
430,1179,1,3.0,47.0,116.5,114.6054131054131,935.0,5.2
431,1187,1,5.0,52.8,105.0,114.6054131054131,1837.3,4.3
432,1188,1,4.0,61.0,87.93446200150488,135.0,3127.0,
433,1197,1,3.0050420168067227,32.9,88.6,114.6054131054131,3248.0,
434,1198,1,3.0050420168067227,29.8,59.1,114.6054131054131,984.3,
435,1202,1,4.0,47.8,95.2,114.6054131054131,2460.7,4.5
436,1203,1,1.0,31.1,41.0,114.6054131054131,1233.6,5.1
437,1208,1,3.0050420168067227,30.1,45.9,114.6054131054131,2575.5,2.2
438,1211,0,3.0050420168067227,45.51390243902439,70.0,65.0,2640.0,
439,1216,1,3.0050420168067227,22.4,26.3,114.6054131054131,1181.1,
440,1217,1,3.0050420168067227,29.8,59.0,114.6054131054131,1292.6,
441,1218,1,3.0050420168067227,41.6,65.6,114.6054131054131,2480.3,
442,1220,1,3.0050420168067227,41.1,68.8,114.6054131054131,1509.2,
443,1223,1,4.0,41.0,94.0,66.0,2423.0,
444,1224,1,3.0050420168067227,22.4,26.3,114.6054131054131,1181.1,
445,1227,1,3.0050420168067227,45.51390243902439,13.0,114.6054131054131,262.5,
446,1232,1,3.0050420168067227,50.0,107.0,114.6054131054131,7442.0,
447,1233,1,5.0,49.7,109.3,114.6054131054131,2260.5,
448,1238,1,3.0050420168067227,26.0,38.1,114.6054131054131,744.8,
449,1240,0,3.0,57.0,80.0,114.6054131054131,3403.0,5.0
450,1244,1,3.0050420168067227,37.3,75.4,114.6054131054131,682.3,
451,1245,1,5.0,65.0,157.0,148.0,4210.0,3.8
452,1251,0,1.0,50.0,131.0,114.6054131054131,2001.7804232804233,
453,1255,1,3.0050420168067227,43.5,65.6,114.6054131054131,1492.8,
454,1257,1,3.0050420168067227,29.2,44.9,114.6054131054131,984.3,
455,1258,1,3.0050420168067227,26.0,48.6,114.6054131054131,1122.1,2.2
456,1260,1,1.0,62.0,150.0,114.6054131054131,863.0,
457,1266,1,3.0,68.0,107.0,162.0,2937.0,
458,1267,1,3.0050420168067227,26.1,35.1,114.6054131054131,1345.2,
459,1268,1,4.0,49.7,124.0,114.6054131054131,2001.7804232804233,
460,1269,1,3.0050420168067227,28.5,42.7,114.6054131054131,1099.1,
461,1283,1,1.0,56.5,111.6,114.6054131054131,1476.3,
462,1290,0,3.0050420168067227,18.6,26.3,114.6054131054131,656.2,
463,1291,1,3.0050420168067227,62.1,131.2,114.6054131054131,3444.9,3.5
464,1292,1,3.0050420168067227,19.9,19.7,114.6054131054131,652.9,
465,1301,0,1.0,40.0,69.0,114.6054131054131,1851.0,
466,1305,1,3.0050420168067227,55.0,100.0,82.0,2700.0,
467,1308,1,3.0050420168067227,56.0,82.0,78.0,3150.0,
468,1313,0,3.0050420168067227,15.5,20.7,16.4,610.3,
469,1316,0,3.0,50.0,131.3,114.6054131054131,1013.8,5.0
470,1318,1,3.0050420168067227,45.51390243902439,14.0,114.6054131054131,190.0,
471,1322,1,3.0050420168067227,19.9,19.7,114.6054131054131,652.9,
472,1328,1,1.0,37.3,87.93446200150488,114.6054131054131,1968.5,
473,1330,0,3.0050420168067227,45.51390243902439,14.1,114.6054131054131,393.7,
474,1334,1,3.0,50.0,131.3,114.6054131054131,1013.8,5.0
475,1349,1,5.0,49.7,109.3,114.6054131054131,2260.5,
476,1350,1,1.0,47.8,80.4,114.6054131054131,1942.3,
477,1354,1,3.0050420168067227,60.0,85.0,114.6054131054131,2850.3,
478,1357,1,3.0050420168067227,18.6,14.8,114.6054131054131,413.4,
479,1358,0,5.0,50.0,105.0,80.0,2693.0,
480,1369,1,4.0,49.7,108.3,95.2,2624.7,
481,1370,0,3.0050420168067227,34.0,52.5,114.6054131054131,1738.0,
482,1381,1,3.0050420168067227,49.7,91.8,77.1,3395.7,
483,1384,1,2.0,43.5,74.5,114.6054131054131,1371.4,
484,1387,0,3.0050420168067227,40.0,87.93446200150488,114.6054131054131,3200.0,
485,1388,1,3.0,52.0,113.0,100.0,1800.0,
486,1389,1,3.0050420168067227,128.0,456.0,418.0,3118.0,
487,1390,0,5.0,49.7,109.3,114.6054131054131,2260.5,
488,1391,0,2.0,52.0,93.0,114.6054131054131,2200.0,
489,1394,1,3.0050420168067227,50.0,100.0,80.0,3458.0,
490,1395,0,2.0,46.0,70.0,62.0,1250.0,
491,1396,1,3.0050420168067227,15.5,11.5,114.6054131054131,196.8,
492,1401,0,2.0,54.1,101.7,114.6054131054131,3960.0,
493,1404,0,3.0050420168067227,22.4,26.3,114.6054131054131,1181.1,
494,1405,1,3.0050420168067227,28.0,45.9,114.6054131054131,1213.9,
495,1407,1,2.0,59.0,114.8,114.6054131054131,1968.5,
496,1410,1,4.0,56.0,140.0,113.0,3359.0,
497,1411,1,3.0050420168067227,56.0,118.0,108.0,4533.0,3.1
498,1412,1,3.0,47.0,116.5,114.6054131054131,935.0,5.2
499,1418,1,2.0,51.0,106.0,100.0,2759.0,
500,1419,1,3.0,47.0,116.5,114.6054131054131,935.0,5.2
501,1421,0,3.0050420168067227,55.0,105.0,114.6054131054131,3136.0,
502,1422,1,3.0050420168067227,41.1,68.8,114.6054131054131,1509.2,
503,1425,1,3.0,47.0,116.5,114.6054131054131,935.0,5.2
504,1428,1,3.0050420168067227,64.8,110.0,141.0,7359.0,
505,1429,1,3.0050420168067227,16.2,10.8,114.6054131054131,197.5,
506,1433,1,2.0,57.0,121.0,128.0,4990.0,
507,1436,1,3.0050420168067227,30.0,32.8,114.6054131054131,1148.3,
508,1438,0,3.0050420168067227,29.1,42.7,114.6054131054131,1377.9,2.5
509,1440,1,3.0050420168067227,41.0,65.6,114.6054131054131,2673.9,
510,1444,1,3.0050420168067227,40.4,72.2,114.6054131054131,1738.8,3.7
511,1447,1,2.0,62.1,139.4,114.6054131054131,1856.9,
512,1454,1,5.0,50.0,105.0,80.0,2693.0,
513,1463,1,3.0050420168067227,45.51390243902439,52.5,114.6054131054131,1574.8,3.0
514,1464,1,3.0050420168067227,29.1,42.7,114.6054131054131,1377.9,2.5
515,1465,1,2.0,43.5,49.3,114.6054131054131,1164.7,4.3
516,1474,0,3.0050420168067227,45.51390243902439,49.3,114.6054131054131,1312.3,
517,1476,0,3.0050420168067227,46.0,88.0,80.0,2637.0,
518,1478,1,5.0,49.7,109.3,114.6054131054131,2260.5,
519,1480,1,1.0,45.0,56.0,47.0,635.0,4.0
520,1483,1,1.0,50.0,131.0,114.6054131054131,2001.7804232804233,
521,1485,1,3.0050420168067227,80.8,262.5,218.2,3500.0,
522,1486,0,1.0,49.7,147.7,114.8,876.0,
523,1487,1,3.0050420168067227,32.3,39.3,114.6054131054131,1604.3,
524,1488,1,3.0050420168067227,28.5,42.7,114.6054131054131,1099.1,
525,1490,1,3.0050420168067227,7.2,19.0,114.6054131054131,328.1,
526,1491,1,3.0050420168067227,47.2,68.9,114.6054131054131,2329.4,
527,1495,1,3.0,65.6,191.6,177.0,1204.0,4.5
528,1498,1,1.0,65.0,150.0,114.6054131054131,630.0,
529,1501,0,3.0050420168067227,49.7,59.1,114.6054131054131,2821.5,2.0
530,1504,1,3.0,45.0,72.0,114.6054131054131,1050.0,
531,1505,0,3.0050420168067227,28.0,45.9,114.6054131054131,1213.9,
532,1511,0,3.0050420168067227,20.5,70.0,114.6054131054131,1300.0,
533,1512,1,3.0050420168067227,45.51390243902439,13.1,114.6054131054131,262.5,
534,1515,1,3.0,53.0,100.0,114.6054131054131,3200.0,
535,1518,1,1.0,62.0,150.0,114.6054131054131,863.0,
536,1526,1,3.0050420168067227,31.7,39.4,114.6054131054131,1122.0,
537,1527,1,5.0,55.3,131.2,114.6054131054131,2539.4,
538,1529,1,7.0,62.1,134.5,114.6054131054131,4530.8,4.3
539,1532,1,3.0050420168067227,34.2,65.6,114.6054131054131,1312.3,2.5
540,1535,1,3.0050420168067227,30.4,58.3,114.6054131054131,1512.4,
541,1536,1,3.0050420168067227,45.51390243902439,82.0,114.6054131054131,269.0,
542,1537,1,3.0050420168067227,92.0,306.0,306.0,5486.0,
543,1538,1,3.0050420168067227,73.0,202.0,208.0,5057.0,
544,1541,1,3.0,55.9,84.7,114.6054131054131,3267.8,5.0
545,1544,1,3.0050420168067227,48.0,85.0,78.0,2746.0,
546,1547,1,3.0,47.0,116.5,114.6054131054131,935.0,5.2
547,1549,1,3.0050420168067227,35.0,59.0,114.6054131054131,1427.0,
548,1555,0,5.0,60.0,125.0,115.0,3200.0,
549,1557,1,3.0050420168067227,66.2,141.1,114.6054131054131,1968.5,
550,1565,1,3.0050420168067227,40.0,55.0,114.6054131054131,2000.0,
551,1567,0,3.0,50.0,131.3,114.6054131054131,1013.8,5.0
552,1570,1,3.0050420168067227,54.1,111.6,91.8,3989.5,
553,1574,1,4.0,40.4,98.4,114.6054131054131,2001.7804232804233,
554,1577,1,2.0,51.0,124.7,114.6054131054131,2952.8,4.0
555,1580,1,3.0,47.0,116.5,114.6054131054131,935.0,5.2
556,1582,1,3.0050420168067227,29.0,37.0,114.6054131054131,2327.0,
557,1590,1,7.0,61.0,142.0,132.0,3985.0,
558,1596,0,3.0050420168067227,19.9,32.8,114.6054131054131,994.1,2.9
559,1600,1,5.0,50.0,115.0,114.6054131054131,3340.0,4.3
560,1603,1,3.0050420168067227,44.0,61.0,114.6054131054131,2600.0,
561,1606,0,3.0050420168067227,62.0,143.0,137.0,4920.0,
562,1617,0,7.0,65.0,170.0,155.0,3900.0,
563,1622,1,3.0050420168067227,44.1,72.2,114.6054131054131,2027.6,
564,1629,1,3.0050420168067227,37.3,82.0,114.6054131054131,465.9,2.6
565,1632,0,1.0,47.8,80.4,114.6054131054131,1942.3,
566,1635,1,3.0050420168067227,31.1,39.3,114.6054131054131,593.8,
567,1637,1,3.0050420168067227,42.0,70.0,63.0,2347.0,
568,1644,0,3.0050420168067227,45.51390243902439,35.0,114.6054131054131,900.0,
569,1650,0,1.0,57.0,137.8,114.6054131054131,863.0,
570,1651,1,3.0050420168067227,18.6,18.0,114.6054131054131,485.5,
571,1656,1,3.0050420168067227,18.6,87.93446200150488,114.6054131054131,328.1,
572,1660,1,3.0,50.3,100.0,90.0,3020.0,
573,1661,0,3.0050420168067227,45.51390243902439,39.3,45.9,623.3,
574,1663,0,2.0,56.0,59.1,114.6054131054131,2822.0,
575,1671,0,1.0,47.8,80.4,114.6054131054131,1942.3,
576,1672,1,3.0050420168067227,28.6,34.4,114.6054131054131,951.4,2.5
577,1675,1,3.0050420168067227,56.0,110.0,105.0,2602.0,
578,1676,1,3.0050420168067227,45.51390243902439,14.0,114.6054131054131,190.0,
579,1678,0,3.0050420168067227,37.0,32.0,41.0,2349.0,
580,1679,1,3.0050420168067227,28.5,42.7,114.6054131054131,1099.1,
581,1685,1,3.0050420168067227,21.7,27.9,114.6054131054131,679.2,
582,1690,1,3.0050420168067227,28.6,36.1,114.6054131054131,921.9,
583,1694,1,3.0050420168067227,66.3,122.0,150.0,4631.0,
584,1695,1,3.0050420168067227,53.0,109.2,114.6054131054131,3265.0,
585,1696,0,2.0,46.6,103.7,114.6054131054131,1213.9,3.0
586,1699,0,1.0,45.51390243902439,36.1,114.6054131054131,1197.5,
587,1701,0,1.0,47.8,80.4,114.6054131054131,1942.3,
588,1702,0,3.0050420168067227,50.0,96.3,80.0,3020.0,
589,1703,1,3.0050420168067227,30.4,65.6,114.6054131054131,1328.8,
590,1705,1,3.0050420168067227,22.4,26.3,114.6054131054131,1181.1,
591,1714,1,4.0,62.1,124.7,114.6054131054131,3464.5,3.8
592,1717,1,5.0,55.9,140.1,114.6054131054131,2001.7804232804233,
593,1720,1,3.0050420168067227,34.2,68.9,114.6054131054131,1410.8,
594,1722,1,3.0050420168067227,52.8,101.7,98.4,2477.0,
595,1723,1,3.0050420168067227,17.9,13.4,114.6054131054131,183.8,
596,1727,0,3.0050420168067227,24.9,23.0,114.6054131054131,639.8,
597,1729,1,3.0,52.8,101.7,114.6054131054131,1886.5,
598,1731,1,3.0,67.1,164.1,114.6054131054131,4192.9,
599,1736,1,7.0,53.0,95.0,105.0,3198.0,
600,1745,1,3.0050420168067227,36.5,65.6,114.6054131054131,656.2,
601,1747,0,3.0050420168067227,35.0,86.0,114.6054131054131,1900.0,
602,1764,1,5.0,62.0,150.9,124.0,3687.6,
603,1765,1,3.0050420168067227,14.9,13.1,114.6054131054131,229.7,
604,1767,1,3.0050420168067227,37.3,83.7,114.6054131054131,3024.8,4.0
605,1768,0,3.0050420168067227,26.8,48.3,114.6054131054131,1194.3,
606,1791,1,4.0,49.7,108.3,114.6054131054131,2559.1,
607,1800,1,3.0050420168067227,17.4,26.3,114.6054131054131,574.2,
608,1801,1,3.0050420168067227,28.0,45.9,114.6054131054131,1213.9,
609,1809,0,3.0,53.0,111.0,114.6054131054131,3444.0,4.7
610,1812,0,3.0050420168067227,30.0,42.4,114.6054131054131,1087.0,
611,1820,1,3.0,47.0,116.5,114.6054131054131,935.0,5.2
612,1827,1,8.0,75.0,220.0,114.6054131054131,4000.0,
613,1837,1,3.0050420168067227,21.7,27.9,114.6054131054131,679.2,
614,1845,0,3.0050420168067227,45.51390243902439,70.0,65.0,2640.0,
615,1855,1,3.0050420168067227,26.0,48.6,114.6054131054131,1122.1,2.2
616,1856,1,3.0050420168067227,72.0,215.0,206.0,2001.7804232804233,
617,1865,1,1.0,111.8,160.8,114.6054131054131,4081.3,
618,1871,0,3.0050420168067227,14.1,11.8,114.6054131054131,196.8,
619,1875,1,3.0050420168067227,64.0,98.0,110.0,3506.0,3.9
620,1877,0,3.0050420168067227,55.0,65.0,114.6054131054131,3000.0,
621,1887,1,3.0050420168067227,45.51390243902439,14.0,114.6054131054131,190.0,
622,1892,1,3.0050420168067227,28.0,49.3,114.6054131054131,1213.9,
623,1913,0,3.0050420168067227,34.2,49.3,39.3,1615.0,3.5
624,1919,0,3.0050420168067227,37.3,50.8,114.6054131054131,1391.1,
625,1926,1,3.0050420168067227,75.0,232.0,211.0,5316.0,
626,1932,0,1.0,45.51390243902439,90.0,85.0,2300.0,3.4
627,1940,1,2.0,45.51390243902439,80.0,114.6054131054131,2050.0,
628,1941,1,3.0050420168067227,55.9,108.3,105.0,3818.9,
629,1942,1,3.0,75.2,206.0,114.6054131054131,4317.6,4.0
630,1943,1,3.0050420168067227,100.0,415.0,328.1,1235.0,4.5
631,1946,0,3.0050420168067227,45.51390243902439,12.0,114.6054131054131,280.0,
632,1949,1,6.0,55.9,147.7,114.6054131054131,3280.8,
633,1951,1,3.0050420168067227,24.9,36.1,114.6054131054131,1273.0,
634,1954,1,3.0,47.0,116.5,114.6054131054131,935.0,5.2
635,1958,1,3.0050420168067227,54.1,111.6,91.8,3989.5,
636,1960,1,3.0050420168067227,22.4,26.3,114.6054131054131,1181.1,
637,1964,1,3.0050420168067227,30.1,45.9,114.6054131054131,2575.5,2.2
638,1965,0,3.0050420168067227,59.0,108.0,114.6054131054131,3980.0,
639,1969,1,3.0050420168067227,52.0,92.0,90.0,2680.0,
640,1983,0,7.0,68.0,173.0,155.0,3800.0,
641,1984,0,3.0050420168067227,80.0,165.0,133.0,1560.0,
642,1998,1,2.0,52.8,131.3,114.6054131054131,2952.8,
643,2003,0,2.0,25.7,65.0,114.6054131054131,1282.0,3.6
644,2008,1,2.0,25.7,50.0,114.6054131054131,1282.8,3.3
645,2016,1,3.0050420168067227,37.3,75.5,114.6054131054131,682.4,3.0
646,2025,1,3.0050420168067227,19.9,19.7,114.6054131054131,652.9,
647,2030,0,1.0,45.51390243902439,36.1,114.6054131054131,1197.5,
648,2031,1,3.0050420168067227,45.0,62.0,114.6054131054131,2500.0,
649,2032,1,5.0,49.7,109.3,114.6054131054131,2260.5,
650,2039,0,2.0,37.3,64.0,114.6054131054131,1148.3,
651,2043,1,3.0,62.1,144.4,114.6054131054131,1640.4,
652,2060,0,3.0,47.0,116.5,114.6054131054131,935.0,5.2
653,2063,1,3.0050420168067227,36.0,53.5,114.6054131054131,1430.4,2.8
654,2070,1,3.0,54.0,111.0,114.6054131054131,3361.0,
655,2071,1,3.0,47.0,116.5,114.6054131054131,935.0,5.2
656,2073,1,4.0,40.4,88.6,114.6054131054131,1640.4,
657,2074,1,3.0,45.0,95.0,114.6054131054131,2001.7804232804233,
658,2077,1,2.0,25.7,50.0,114.6054131054131,1282.8,3.3
659,2079,1,3.0050420168067227,31.0,54.0,114.6054131054131,1345.0,
660,2082,1,3.0050420168067227,83.0,170.6,196.8,2788.8,
661,2085,1,3.0050420168067227,40.0,70.0,114.6054131054131,2100.0,
662,2086,1,3.0050420168067227,149.1,170.6,114.6054131054131,6561.7,4.8
663,2089,1,4.0,55.9,114.8,114.6054131054131,2234.3,4.3
664,2093,1,3.0,43.5,72.2,114.6054131054131,1184.4,4.5
665,2094,1,7.0,65.0,149.0,144.0,4177.0,
666,2100,0,5.0,59.0,170.6,114.6054131054131,3608.9,
667,2103,0,3.0050420168067227,62.0,125.0,115.0,4325.0,3.2
668,2110,1,3.0050420168067227,19.9,19.7,114.6054131054131,652.9,
669,2122,0,3.0050420168067227,50.0,83.0,114.6054131054131,3157.0,
670,2125,1,5.0,49.7,109.3,114.6054131054131,2260.5,
671,2143,1,3.0050420168067227,26.0,48.6,114.6054131054131,1122.1,2.2
672,2145,1,1.0,47.8,80.0,114.6054131054131,1942.0,
673,2146,1,3.0050420168067227,80.0,230.0,215.0,5394.0,
674,2147,1,2.0,41.0,96.0,114.6054131054131,2001.7804232804233,
675,2149,1,3.0050420168067227,24.9,42.7,114.6054131054131,1181.1,
676,2153,0,2.0,40.0,75.0,68.0,2400.0,
677,2161,0,2.0,50.0,70.0,114.6054131054131,1200.0,
678,2162,0,3.0050420168067227,19.3,36.1,114.6054131054131,1125.3,
679,2170,0,3.0050420168067227,45.51390243902439,55.0,114.6054131054131,1700.0,
680,2173,1,3.0,52.0,100.0,114.6054131054131,1246.0,
681,2175,1,3.0050420168067227,40.0,72.5,50.0,4500.0,
682,2178,1,3.0050420168067227,24.9,65.6,114.6054131054131,1640.4,2.5
683,2183,1,3.0050420168067227,68.4,167.3,114.6054131054131,5118.1,
684,2196,1,7.0,55.9,118.1,108.0,3116.8,
685,2197,1,3.0050420168067227,35.0,60.0,114.6054131054131,1400.0,
686,2199,1,3.0050420168067227,37.3,50.8,114.6054131054131,1391.1,
687,2202,1,4.0,53.4,87.93446200150488,131.3,2677.2,
688,2205,1,3.0050420168067227,80.8,259.2,229.7,6708.7,3.5
689,2208,0,3.0050420168067227,24.9,23.0,114.6054131054131,639.8,
690,2210,1,3.0050420168067227,57.0,122.0,114.6054131054131,5383.0,
691,2212,0,2.0,55.0,100.0,90.0,2900.0,
692,2213,1,3.0,47.0,116.5,114.6054131054131,935.0,5.2
693,2217,1,3.0050420168067227,45.51390243902439,14.0,114.6054131054131,190.0,
694,2221,1,3.0050420168067227,40.0,76.0,114.6054131054131,2800.0,
695,2225,1,3.0050420168067227,55.9,39.4,114.6054131054131,3280.8,
696,2237,1,3.0050420168067227,30.0,36.1,114.6054131054131,820.3,
697,2239,0,3.0050420168067227,65.0,161.0,155.0,5427.0,
698,2243,1,3.0050420168067227,45.51390243902439,13.0,114.6054131054131,262.5,
699,2245,1,4.0,49.7,108.3,95.2,2624.7,
700,2246,1,3.0050420168067227,29.1,42.7,114.6054131054131,1377.9,2.5
701,2248,0,3.0050420168067227,45.51390243902439,32.8,114.6054131054131,2001.7804232804233,2.5
702,2250,1,3.0050420168067227,28.0,49.3,114.6054131054131,1213.9,
703,2254,1,3.0050420168067227,42.3,78.8,114.6054131054131,2303.2,
704,2255,1,1.0,45.51390243902439,33.0,114.6054131054131,656.2,
705,2259,0,3.0050420168067227,19.9,19.7,114.6054131054131,652.9,
706,2261,1,1.0,56.0,114.0,114.6054131054131,1863.5,3.5
707,2269,1,3.0050420168067227,53.0,100.0,95.0,4230.0,2.8
708,2275,1,6.0,55.0,146.0,109.0,3125.0,
709,2278,1,3.0050420168067227,50.5,94.6,85.0,3468.0,3.5
710,2304,0,3.0050420168067227,45.51390243902439,49.3,114.6054131054131,2001.7804232804233,2.5
711,2310,1,3.0050420168067227,21.7,27.9,114.6054131054131,679.2,
712,2312,0,1.0,57.0,137.8,114.6054131054131,863.0,
713,2320,0,3.0050420168067227,29.1,42.7,114.6054131054131,1377.9,2.5
714,2321,1,3.0050420168067227,45.0,78.0,72.0,3200.0,
715,2323,1,3.0050420168067227,29.1,55.4,114.6054131054131,1181.1,4.5
716,2325,1,3.0050420168067227,21.7,27.9,114.6054131054131,679.2,
717,2334,1,1.0,55.2,106.0,104.0,3264.4,
718,2344,1,3.0,47.0,116.5,114.6054131054131,935.0,5.2
719,2346,0,1.0,45.51390243902439,64.3,114.6054131054131,344.4,
720,2351,1,1.0,41.0,60.7,114.6054131054131,1817.6,3.5
721,2354,1,3.0050420168067227,43.5,98.4,114.6054131054131,229.6,4.5
722,2355,1,3.0050420168067227,55.0,75.0,114.6054131054131,2500.0,
723,2361,1,3.0050420168067227,83.3,249.3,255.9,5131.3,3.8
724,2375,0,3.0050420168067227,45.51390243902439,28.0,114.6054131054131,656.2,
725,2376,1,1.0,23.6,16.4,114.6054131054131,984.3,
726,2390,1,3.0050420168067227,36.0,54.2,114.6054131054131,1102.3,3.5
727,2394,1,3.0050420168067227,55.0,91.0,85.0,2361.0,
728,2395,1,3.0050420168067227,45.51390243902439,14.8,114.6054131054131,452.8,
729,2402,1,3.0050420168067227,30.1,45.9,114.6054131054131,2575.5,2.2
730,2404,1,3.0050420168067227,35.0,52.5,114.6054131054131,1256.6,
731,2408,1,10.0,52.8,108.3,114.6054131054131,2870.8,
732,2415,1,3.0050420168067227,51.0,78.0,114.6054131054131,2352.0,
733,2418,1,8.0,65.0,148.0,161.0,4165.0,
734,2420,0,1.0,45.51390243902439,36.1,114.6054131054131,1197.5,
735,2423,1,3.0050420168067227,18.6,22.0,114.6054131054131,469.2,
736,2427,1,3.0050420168067227,31.1,75.5,114.6054131054131,1689.7,
737,2428,1,3.0050420168067227,20.5,23.0,114.6054131054131,649.6,
738,2437,1,5.0,46.6,82.0,114.6054131054131,2296.6,
739,2440,0,3.0050420168067227,22.4,26.3,114.6054131054131,1181.1,
740,2443,0,3.0,47.0,116.5,114.6054131054131,935.0,5.2
741,2448,0,3.0050420168067227,45.51390243902439,65.0,60.0,2300.0,
742,2451,1,3.0050420168067227,54.0,104.5,100.7,3534.0,2.4
743,2459,1,2.0,46.6,65.6,114.6054131054131,2755.9,3.5
744,2463,1,3.0,52.8,98.4,114.6054131054131,1246.7,
745,2465,1,5.0,54.7,131.3,104.3,2805.1,3.3
746,2466,1,3.0,50.0,85.0,114.6054131054131,1950.0,
747,2471,1,2.0,37.3,64.0,114.6054131054131,1148.0,
748,2474,1,1.0,46.6,82.0,114.6054131054131,1394.3,
749,2476,1,3.0050420168067227,18.6,29.5,114.6054131054131,574.2,
750,2477,1,3.0,46.6,78.8,114.6054131054131,2001.7804232804233,
751,2479,1,2.0,45.0,90.0,114.6054131054131,1300.0,
752,2481,0,3.0050420168067227,45.51390243902439,32.8,114.6054131054131,2001.7804232804233,2.5
753,2485,1,3.0050420168067227,24.9,23.0,114.6054131054131,639.8,
754,2487,1,3.0050420168067227,15.5,11.5,114.6054131054131,278.8,
755,2493,1,3.0050420168067227,64.0,125.0,114.6054131054131,1269.0,4.0
756,2497,0,3.0050420168067227,28.0,45.9,114.6054131054131,1213.9,
757,2507,1,3.0,47.0,116.5,114.6054131054131,935.0,5.2
758,2509,1,2.0,37.3,64.0,114.6054131054131,1148.3,
759,2513,0,1.0,41.0,60.0,114.6054131054131,1817.0,
760,2518,1,3.0050420168067227,38.0,120.0,54.0,1019.0,
761,2520,1,3.0050420168067227,53.4,141.1,114.6054131054131,1722.4,
762,2522,1,4.0,49.7,108.3,95.2,2624.7,
763,2529,0,3.0050420168067227,45.51390243902439,65.0,60.0,2400.0,
764,2532,0,3.0050420168067227,37.3,50.8,114.6054131054131,1391.1,
765,2539,1,3.0050420168067227,41.2,56.8,114.6054131054131,2583.0,2.1
766,2540,1,3.0050420168067227,34.2,108.3,114.6054131054131,810.4,3.5
767,2541,0,3.0050420168067227,45.51390243902439,40.0,114.6054131054131,1100.0,
768,2542,1,1.0,45.51390243902439,36.0,114.6054131054131,1197.0,
769,2547,1,3.0050420168067227,40.0,50.0,114.6054131054131,1410.0,
770,2552,1,2.0,65.2,151.6,114.6054131054131,1476.4,4.0
771,2554,0,3.0050420168067227,49.7,82.0,114.6054131054131,1640.4,
772,2555,1,3.0050420168067227,30.0,82.0,114.6054131054131,2034.1,3.5
773,2567,0,1.0,50.0,95.0,114.6054131054131,2219.0,
774,2570,0,3.0050420168067227,31.1,44.3,114.6054131054131,1765.1,
775,2573,0,3.0050420168067227,30.1,45.9,114.6054131054131,2575.5,2.2
776,2579,0,3.0050420168067227,62.1,114.8,114.6054131054131,3280.8,4.0
777,2582,1,3.0050420168067227,45.51390243902439,49.3,114.6054131054131,1246.8,
778,2589,1,3.0050420168067227,37.3,78.7,114.6054131054131,1738.8,
779,2591,1,3.0050420168067227,50.0,65.0,114.6054131054131,5053.0,
780,2592,0,4.0,50.2,98.9,114.6054131054131,2769.0,5.2
781,2598,1,4.0,62.1,124.7,114.6054131054131,3464.5,3.8
782,2617,1,3.0,43.5,124.0,114.6054131054131,2624.0,
783,2622,1,3.0050420168067227,45.51390243902439,14.0,114.6054131054131,190.0,
784,2631,0,3.0,43.5,91.8,114.6054131054131,1968.5,
785,2638,1,1.0,70.0,218.0,114.6054131054131,1300.0,
786,2647,0,1.0,41.0,60.0,114.6054131054131,1817.0,
787,2650,1,3.0050420168067227,32.0,38.0,114.6054131054131,2139.0,
788,2656,1,3.0050420168067227,18.6,24.9,114.6054131054131,518.3,
789,2662,1,1.0,55.2,106.0,104.0,3264.4,
790,2664,0,2.0,46.6,78.7,114.6054131054131,1443.5,
791,2671,1,5.0,65.0,133.0,114.6054131054131,2500.0,
792,2677,1,2.0,65.3,151.6,114.6054131054131,492.2,5.0
793,2679,1,6.0,65.0,156.0,146.0,4370.0,4.2
794,2685,0,2.0,50.0,70.0,114.6054131054131,1200.0,
795,2690,1,3.0050420168067227,50.0,70.0,70.0,2272.0,
796,2702,1,3.0050420168067227,19.9,19.7,114.6054131054131,652.9,
797,2703,1,3.0050420168067227,26.8,48.3,114.6054131054131,1194.3,
798,2711,1,3.0050420168067227,45.51390243902439,13.0,114.6054131054131,262.5,
799,2715,0,3.0,43.5,75.8,114.6054131054131,1601.1,
800,2719,1,3.0050420168067227,68.0,185.0,175.0,630.0,
801,2721,1,3.0050420168067227,93.0,310.0,300.0,6595.0,
802,2722,1,3.0050420168067227,77.0,230.0,114.6054131054131,5318.0,
803,2728,1,3.0050420168067227,52.8,101.8,98.4,2477.0,
804,2734,1,3.0,65.6,191.6,177.0,1204.0,4.5
805,2743,0,3.0050420168067227,31.1,44.3,114.6054131054131,1765.1,
806,2748,1,3.0050420168067227,26.0,48.6,114.6054131054131,1122.1,2.2
807,2765,1,3.0050420168067227,28.0,45.9,114.6054131054131,1213.9,
808,2778,1,3.0,45.51390243902439,100.0,114.6054131054131,2362.0,
809,2783,1,3.0050420168067227,29.1,42.7,114.6054131054131,1377.9,2.5
810,2786,1,3.0,47.0,116.5,114.6054131054131,935.0,5.2
811,2788,0,3.0,53.0,111.0,114.6054131054131,3444.0,4.7
812,2792,1,2.0,45.51390243902439,98.4,114.6054131054131,2001.7804232804233,4.0
813,2799,1,3.0,55.9,87.93446200150488,114.6054131054131,2362.2,
814,2800,1,3.0050420168067227,29.1,55.4,114.6054131054131,1181.1,4.5
815,2801,1,3.0,47.0,116.5,114.6054131054131,935.0,5.2
816,2802,1,1.0,45.0,56.0,47.0,635.0,4.0
817,2807,1,3.0,47.0,116.5,114.6054131054131,935.0,5.2
818,2809,1,3.0050420168067227,58.0,93.0,114.6054131054131,2840.0,
819,2818,1,1.0,47.8,80.4,114.6054131054131,1942.3,
820,2819,1,3.0050420168067227,55.0,70.0,65.0,2640.0,
821,2821,0,1.0,57.0,137.8,114.6054131054131,863.0,
822,2825,1,3.0,75.0,150.0,180.0,2600.0,
823,2827,0,3.0050420168067227,16.2,10.8,114.6054131054131,197.5,
824,2833,0,3.0050420168067227,57.9,118.8,98.4,2463.9,
825,2836,1,3.0050420168067227,37.3,50.8,114.6054131054131,1391.1,
826,2860,0,3.0050420168067227,70.0,180.0,114.6054131054131,704.0,
827,2862,1,3.0050420168067227,50.0,87.93446200150488,82.0,2800.0,
828,2864,1,4.0,43.5,98.4,114.6054131054131,2296.6,
829,2871,0,3.0050420168067227,13.7,12.8,114.6054131054131,2001.7804232804233,
830,2874,0,4.0,50.0,117.0,115.0,3470.0,3.5
831,2878,1,3.0050420168067227,34.0,43.0,39.0,1205.0,
832,2879,1,3.0050420168067227,21.7,27.9,114.6054131054131,679.2,
833,2882,0,3.0050420168067227,55.0,80.0,114.6054131054131,3000.0,
834,2883,1,3.0050420168067227,55.0,87.93446200150488,100.0,2500.0,
835,2887,0,3.0050420168067227,31.0,53.0,27.0,1351.0,
836,2889,1,3.0050420168067227,35.0,51.8,49.8,1312.3,
837,2898,0,1.0,57.0,137.8,114.6054131054131,863.0,
838,2903,0,1.0,50.0,95.0,114.6054131054131,2231.0,
839,2921,1,3.0050420168067227,14.1,11.8,114.6054131054131,196.8,
840,2924,1,3.0050420168067227,33.0,40.0,38.0,1240.0,
841,2927,1,3.0,47.0,116.5,114.6054131054131,935.0,5.2
842,2936,1,5.0,49.7,109.3,114.6054131054131,2260.5,
843,2943,1,3.0050420168067227,43.5,75.5,114.6054131054131,2742.8,3.0
844,2944,1,2.0,54.1,105.0,114.6054131054131,2231.0,4.3
845,2945,0,3.0,47.0,116.5,114.6054131054131,935.0,5.2
846,2948,1,3.0050420168067227,42.0,95.0,60.0,2001.7804232804233,3.0
847,2952,1,5.0,55.0,115.0,95.0,2170.0,
848,2959,1,3.0050420168067227,28.0,32.8,114.6054131054131,656.2,
849,2963,1,2.0,35.0,62.0,114.6054131054131,360.0,
850,2966,1,3.0,47.0,116.5,114.6054131054131,935.0,
851,2967,1,3.0050420168067227,60.0,87.93446200150488,115.0,4725.0,
852,2975,0,5.0,63.0,154.0,144.0,4155.0,
853,2981,0,3.0050420168067227,45.51390243902439,15.0,114.6054131054131,280.0,
854,2983,1,3.0050420168067227,37.3,42.7,114.6054131054131,1194.2,
855,2984,1,3.0,47.0,116.5,114.6054131054131,935.0,5.2
856,2985,0,2.0,65.0,200.0,139.0,1229.0,5.0
857,2991,1,2.0,51.0,106.0,100.0,2759.0,
858,2994,1,3.0050420168067227,27.0,43.0,56.0,1300.0,
859,2996,1,3.0050420168067227,22.4,45.9,114.6054131054131,1476.4,
860,2998,1,3.0,55.0,70.0,65.0,1565.0,
861,3005,0,1.0,53.4,131.3,114.6054131054131,3412.1,5.2
862,3011,1,3.0050420168067227,9.9,87.93446200150488,114.6054131054131,367.4,
863,3012,0,3.0050420168067227,37.3,79.0,114.6054131054131,1082.7,2.5
864,3014,0,3.0050420168067227,49.7,131.3,114.6054131054131,4698.2,
865,3020,1,3.0050420168067227,53.0,87.93446200150488,88.0,2835.0,
866,3024,0,3.0050420168067227,29.1,42.7,114.6054131054131,1377.9,2.5
867,3025,1,6.0,62.1,147.7,114.6054131054131,4048.6,
868,3026,1,3.0050420168067227,45.0,40.0,70.0,2132.0,
869,3029,1,3.0050420168067227,50.0,70.0,114.6054131054131,2982.0,
870,3034,1,3.0,47.0,116.5,114.6054131054131,935.0,5.2
871,3047,1,1.0,56.5,109.6,107.9,3467.8,
872,3048,1,5.0,51.0,115.0,114.6054131054131,2766.0,4.3
873,3053,0,1.0,45.0,56.0,47.0,635.0,4.0
874,3056,1,3.0050420168067227,43.5,49.2,114.6054131054131,1049.9,
875,3062,1,3.0050420168067227,40.4,72.2,39.3,4921.3,
876,3082,1,3.0050420168067227,40.0,78.0,72.0,2558.0,
877,3091,0,3.0050420168067227,24.9,39.3,114.6054131054131,1190.9,
878,3095,1,3.0,43.5,75.5,114.6054131054131,1624.0,
879,3101,1,3.0050420168067227,31.1,45.9,114.6054131054131,1148.3,
880,3103,0,3.0050420168067227,14.0,16.0,114.6054131054131,541.0,
881,3105,0,3.0,44.0,96.8,92.0,1421.0,
882,3108,1,3.0050420168067227,21.8,19.0,114.6054131054131,410.1,
883,3111,1,3.0050420168067227,45.51390243902439,13.0,114.6054131054131,262.5,
884,3121,1,3.0050420168067227,50.0,55.0,52.0,2650.0,
885,3124,1,3.0,48.0,85.0,114.6054131054131,2050.0,
886,3126,0,3.0050420168067227,19.9,19.7,114.6054131054131,652.9,
887,3128,1,5.0,50.0,121.0,75.0,3100.0,
888,3129,1,3.0,47.0,116.5,114.6054131054131,935.0,5.2
889,3145,1,3.0050420168067227,53.7,100.4,100.0,3230.0,
890,3159,1,3.0050420168067227,45.51390243902439,49.3,114.6054131054131,2001.7804232804233,3.5
891,3167,1,1.0,45.51390243902439,36.1,114.6054131054131,1197.5,
892,3168,0,1.0,47.8,80.4,114.6054131054131,1942.3,
893,3170,1,3.0050420168067227,16.2,10.8,114.6054131054131,197.5,
894,3180,1,5.0,78.0,175.0,114.6054131054131,1800.0,
895,3190,1,4.0,49.7,78.7,114.6054131054131,1584.7,4.4
896,3193,1,3.0050420168067227,16.2,10.8,114.6054131054131,197.5,
897,3201,1,14.0,52.8,87.93446200150488,98.4,3838.6,
898,3202,0,5.0,49.7,106.7,114.6054131054131,4101.1,5.2
899,3206,1,5.0,49.7,105.0,114.6054131054131,2700.2,4.9
900,3214,1,3.0050420168067227,54.5,100.0,105.0,2415.0,
901,3220,0,3.0050420168067227,29.1,42.7,114.6054131054131,1377.9,2.5
902,3231,1,3.0050420168067227,35.0,51.8,49.8,1312.3,
903,3234,1,3.0050420168067227,54.1,108.3,100.8,3198.8,
904,3240,1,3.0,66.5,180.4,114.6054131054131,5019.7,4.0
905,3253,1,3.0050420168067227,43.5,73.1,114.6054131054131,2919.9,
906,3260,1,5.0,49.7,109.3,114.6054131054131,2260.5,
907,3268,1,3.0,47.8,67.3,114.6054131054131,2694.0,
908,3287,1,1.0,69.6,196.8,114.6054131054131,3218.5,
909,3290,1,3.0050420168067227,7.8,20.3,114.6054131054131,360.9,
910,3294,1,3.0050420168067227,31.1,45.9,114.6054131054131,3379.3,
911,3298,1,3.0050420168067227,65.0,185.0,114.6054131054131,630.0,
912,3309,1,3.0050420168067227,31.1,44.3,114.6054131054131,1765.1,
913,3313,1,5.0,62.1,131.2,114.6054131054131,2532.8,
914,3343,1,3.0050420168067227,95.0,325.0,320.0,6602.0,
915,3353,1,3.0050420168067227,40.4,72.2,114.6054131054131,1738.8,3.7
916,3358,1,3.0050420168067227,40.4,87.93446200150488,55.8,1312.3,
917,3372,1,5.0,49.7,109.3,114.6054131054131,2510.0,
918,3407,1,2.0,65.3,151.6,114.6054131054131,590.6,
919,3409,1,3.0050420168067227,28.6,36.1,114.6054131054131,921.9,
920,3422,1,3.0050420168067227,68.3,174.8,170.6,4038.8,
921,3429,0,3.0,47.0,116.5,114.6054131054131,935.0,5.2
922,3432,0,3.0050420168067227,16.2,10.8,114.6054131054131,197.5,
923,3435,0,5.0,49.7,109.3,114.6054131054131,2510.0,
924,3446,1,4.0,50.0,87.93446200150488,114.6054131054131,5500.0,
925,3453,1,2.0,54.0,107.0,101.0,3000.0,4.0
926,3457,1,3.0050420168067227,55.9,144.3,114.6054131054131,3937.0,
927,3469,1,3.0050420168067227,38.0,60.0,39.0,2001.7804232804233,
928,3483,1,1.0,47.8,80.4,114.6054131054131,1942.3,
929,3492,1,3.0050420168067227,28.5,42.7,114.6054131054131,1099.1,
930,3501,0,3.0050420168067227,33.2,65.6,114.6054131054131,2673.9,
931,3524,0,2.0,37.3,64.0,114.6054131054131,1148.3,
932,3537,1,3.0,52.8,87.93446200150488,114.6054131054131,1935.7,5.0
933,3565,1,3.0050420168067227,50.0,110.0,100.0,3300.0,
934,3568,0,2.0,55.9,87.93446200150488,114.6054131054131,1253.3,
935,3570,0,1.0,53.0,137.8,114.6054131054131,722.0,
936,3574,1,3.0050420168067227,21.8,41.8,114.6054131054131,944.9,
937,3586,1,3.0050420168067227,24.9,87.93446200150488,26.3,1246.8,
938,3617,0,3.0050420168067227,45.51390243902439,36.8,114.6054131054131,1099.1,
939,3624,1,3.0050420168067227,17.4,26.3,114.6054131054131,574.2,
940,3633,1,3.0050420168067227,45.51390243902439,13.1,114.6054131054131,262.5,
941,3639,1,5.0,49.7,109.3,114.6054131054131,2260.5,
942,3640,1,2.0,71.5,200.2,190.3,4176.5,4.2
943,3651,0,3.0050420168067227,43.5,86.9,114.6054131054131,2601.7,5.0
944,3655,1,3.0050420168067227,74.0,207.0,196.0,5460.0,
945,3667,1,1.0,48.5,83.0,80.5,2290.0,
946,3669,0,1.0,49.7,124.7,114.6054131054131,869.4,
947,3673,1,5.0,49.7,109.3,114.6054131054131,2260.5,
948,3688,1,3.0050420168067227,57.8,87.93446200150488,105.0,3116.8,
949,3693,1,3.0050420168067227,22.4,26.3,114.6054131054131,1181.1,
950,3697,1,3.0050420168067227,43.5,98.4,114.6054131054131,229.7,4.5
951,3698,0,2.0,37.3,64.0,114.6054131054131,1148.3,
952,3699,1,3.0,76.0,206.0,206.0,4075.0,
953,3702,1,5.0,52.0,122.0,114.6054131054131,2742.0,
954,3704,1,2.0,40.0,75.0,68.0,2400.0,
955,3707,1,4.0,55.9,141.1,114.6054131054131,3349.8,4.1
956,3716,0,3.0050420168067227,18.6,14.8,114.6054131054131,413.4,
957,3742,1,3.0050420168067227,24.9,26.3,114.6054131054131,623.3,
958,3758,1,3.0050420168067227,21.7,27.9,114.6054131054131,679.2,
959,3760,1,3.0050420168067227,21.0,41.0,114.6054131054131,1150.0,
960,3761,1,10.0,49.7,98.4,114.6054131054131,2788.7,
961,3763,0,3.0050420168067227,28.0,50.0,114.6054131054131,1282.0,2.5
962,3779,1,3.0050420168067227,31.1,85.3,114.6054131054131,4199.5,
963,3780,1,3.0,47.0,116.5,114.6054131054131,935.0,5.2
964,3781,1,2.0,65.3,151.6,114.6054131054131,492.2,5.0
965,3787,0,3.0050420168067227,40.0,50.0,114.6054131054131,1837.0,
966,3798,1,3.0050420168067227,28.5,42.7,114.6054131054131,1099.1,
967,3799,1,3.0050420168067227,12.3,10.8,114.6054131054131,176.5,
968,3805,1,1.0,45.51390243902439,58.7,114.6054131054131,1286.1,
969,3808,1,3.0050420168067227,31.0,54.0,114.6054131054131,1345.0,
970,3868,1,3.0050420168067227,82.0,205.0,114.6054131054131,2202.0,
971,3870,1,3.0050420168067227,31.1,49.3,114.6054131054131,1640.4,4.0
972,3895,1,3.0050420168067227,45.51390243902439,8.0,114.6054131054131,199.3,
973,3912,1,3.0,52.8,98.4,100.0,2066.9,4.5
974,3917,1,7.0,62.1,141.0,114.6054131054131,3280.8,
975,3921,0,3.0,47.0,116.5,114.6054131054131,935.0,5.2
976,3930,0,4.0,45.51390243902439,20.0,114.6054131054131,1148.0,
977,3931,1,10.0,52.8,108.3,114.6054131054131,2870.8,
978,3953,1,4.0,73.3,197.5,196.9,4192.9,
979,3954,1,3.0050420168067227,34.0,87.93446200150488,41.0,2000.0,
980,3965,1,3.0050420168067227,28.0,49.3,114.6054131054131,1213.9,
981,3966,1,3.0050420168067227,19.9,19.7,114.6054131054131,652.9,
982,3971,1,3.0050420168067227,59.0,99.0,113.0,4042.0,
983,3979,0,3.0050420168067227,21.7,27.9,114.6054131054131,679.2,
984,3981,1,1.0,45.51390243902439,36.1,114.6054131054131,1197.5,
985,4006,1,1.0,83.9,87.93446200150488,114.6054131054131,2788.8,4.7
986,4012,0,1.0,45.51390243902439,150.9,114.6054131054131,492.2,
987,4015,1,3.0,40.4,68.9,114.6054131054131,1312.3,
988,4022,1,3.0050420168067227,34.2,55.8,114.6054131054131,1410.8,
989,4026,0,3.0050420168067227,99.4,123.0,114.6054131054131,3976.3,
990,4032,1,5.0,49.7,109.3,114.6054131054131,2260.5,
991,4058,1,1.0,51.0,88.0,84.0,2210.0,
992,4064,1,4.0,49.7,84.3,114.6054131054131,2198.2,5.0
993,4065,1,3.0,50.0,95.0,114.6054131054131,2100.0,
994,4071,0,1.0,53.0,137.8,114.6054131054131,722.0,
995,4079,0,5.0,52.0,122.0,114.6054131054131,2742.0,
996,4083,1,3.0,50.0,131.3,114.6054131054131,1013.8,5.0
997,4088,0,2.0,40.4,101.7,114.6054131054131,2887.2,
998,4097,0,1.0,45.51390243902439,150.9,114.6054131054131,492.2,
999,4100,1,3.0050420168067227,35.0,51.8,49.8,1312.3,
1000,4102,1,2.0,65.3,151.0,114.6054131054131,492.0,5.0
1001,4121,0,3.0050420168067227,45.51390243902439,41.0,9.0,1452.0,
1002,4145,1,3.0,47.0,116.5,114.6054131054131,935.0,5.2
1003,4151,1,3.0050420168067227,28.0,45.9,114.6054131054131,1213.9,
1004,4163,1,5.0,49.7,109.3,114.6054131054131,2260.5,
1005,4164,1,10.0,44.7,98.4,114.6054131054131,2788.7,
1006,4171,1,3.0050420168067227,20.5,18.1,114.6054131054131,492.2,
1007,4174,1,3.0050420168067227,51.3,97.5,91.4,3113.0,
1008,4175,1,1.0,45.51390243902439,213.0,114.6054131054131,3179.0,
1009,4178,1,2.0,45.51390243902439,151.6,114.6054131054131,590.6,
1010,4182,0,5.0,50.0,115.0,114.6054131054131,3340.0,4.3
1011,4189,1,3.0050420168067227,11.2,20.0,114.6054131054131,393.7,
1012,4197,1,3.0050420168067227,45.51390243902439,14.0,114.6054131054131,190.0,
1013,4210,1,5.0,49.7,109.3,114.6054131054131,2510.0,
1014,4213,1,3.0050420168067227,45.51390243902439,13.0,114.6054131054131,262.5,
1015,4222,1,3.0050420168067227,45.51390243902439,5.8,114.6054131054131,75.5,
1016,4227,1,1.0,60.0,136.0,140.0,4746.0,
1017,4240,1,3.0050420168067227,70.0,185.0,114.6054131054131,630.0,
1018,4246,0,1.0,53.0,137.8,114.6054131054131,722.0,
1019,4248,0,3.0,47.0,116.5,114.6054131054131,935.0,5.2
1020,4252,0,1.0,45.51390243902439,90.0,85.0,2300.0,3.4
1021,4274,1,3.0050420168067227,21.7,27.9,114.6054131054131,679.2,
1022,4276,1,4.0,49.7,108.3,95.2,2624.7,
1023,4282,0,3.0,49.7,98.4,114.6054131054131,2952.8,
1024,4288,0,1.0,47.8,80.4,114.6054131054131,1942.3,
1025,4293,1,3.0050420168067227,47.2,68.9,114.6054131054131,2329.4,
1026,4298,1,1.0,62.0,150.0,114.6054131054131,863.0,
1027,4299,0,1.0,45.0,56.0,47.0,635.0,4.0
1028,4303,1,4.0,49.7,108.3,95.2,2624.7,
1029,4337,1,3.0050420168067227,52.0,98.0,114.6054131054131,4044.0,
1030,4339,1,4.0,54.9,117.8,111.8,2202.8,4.7
1031,4342,1,3.0050420168067227,45.51390243902439,52.5,114.6054131054131,1574.8,3.0
1032,4343,1,3.0050420168067227,24.9,31.2,114.6054131054131,623.3,
1033,4347,1,3.0050420168067227,28.0,19.7,114.6054131054131,866.2,
1034,4357,1,3.0050420168067227,53.0,88.0,114.6054131054131,3415.0,
1035,4360,1,3.0050420168067227,55.0,87.93446200150488,99.0,3957.0,
1036,4369,1,3.0050420168067227,100.0,377.3,328.1,1235.0,4.5
1037,4372,1,3.0050420168067227,59.0,111.6,164.1,2001.7804232804233,6.3
1038,4374,1,3.0050420168067227,24.9,37.8,114.6054131054131,836.6,
1039,4383,1,5.0,49.7,109.3,114.6054131054131,2260.5,
1040,4389,0,3.0050420168067227,29.1,42.7,114.6054131054131,1377.9,2.5
1041,4397,1,3.0050420168067227,45.0,55.0,114.6054131054131,2100.0,
1042,4407,1,5.0,50.0,108.0,81.2,2562.0,4.6
1043,4408,1,6.0,70.0,168.0,114.6054131054131,4025.0,
1044,4409,1,3.0,52.0,100.0,114.6054131054131,1246.0,
1045,4410,1,3.0,75.0,223.0,214.0,3415.0,
1046,4416,0,3.0050420168067227,50.0,90.0,80.0,2600.0,
1047,4420,1,3.0050420168067227,45.51390243902439,5.8,114.6054131054131,75.5,
1048,4422,0,3.0,47.0,116.5,114.6054131054131,935.0,5.2
1049,4423,1,3.0050420168067227,77.0,208.0,221.0,5400.0,
1050,4427,1,4.0,50.0,42.6,104.0,2349.0,3.5
1051,4435,0,3.0050420168067227,80.3,205.3,197.6,1313.3,5.0
1052,4461,0,3.0050420168067227,57.2,87.93446200150488,118.0,3772.0,
1053,4511,1,3.0050420168067227,28.5,42.7,114.6054131054131,1099.1,
1054,4516,1,2.0,25.7,50.0,114.6054131054131,1282.8,3.3
1055,4527,1,2.0,45.51390243902439,70.0,114.6054131054131,1250.0,
1056,4531,1,3.0050420168067227,45.51390243902439,13.0,114.6054131054131,262.5,
1057,4545,1,2.0,70.0,164.0,114.6054131054131,2200.0,
1058,4617,1,3.0050420168067227,34.2,64.3,114.6054131054131,1295.9,
1059,4619,0,3.0050420168067227,29.1,42.7,114.6054131054131,1377.9,2.5
1060,4622,1,3.0050420168067227,66.0,127.0,147.0,4650.0,
1061,4625,0,2.0,40.0,75.0,68.0,2400.0,
1062,4634,1,3.0050420168067227,51.0,96.0,92.0,3236.0,
1063,4635,0,3.0050420168067227,65.0,95.0,151.0,4000.0,
1064,4640,1,3.0050420168067227,28.0,36.1,114.6054131054131,1066.3,
1065,4653,1,3.0050420168067227,3.7,8.2,114.6054131054131,85.3,
1066,4666,1,2.0,25.7,50.0,114.6054131054131,1282.8,3.3
1067,4680,1,3.0050420168067227,18.6,29.5,114.6054131054131,574.2,
1068,4686,1,3.0,47.0,116.5,114.6054131054131,935.0,5.2
1069,4711,1,4.0,46.6,105.0,114.6054131054131,2585.3,
1070,4714,1,3.0050420168067227,19.9,19.7,114.6054131054131,652.9,
1071,4728,0,3.0,50.0,131.3,114.6054131054131,1013.8,5.0
1072,4734,0,3.0,47.0,116.5,114.6054131054131,935.0,5.2
1073,4736,1,3.0050420168067227,28.5,42.7,114.6054131054131,1099.1,
1074,4737,1,3.0050420168067227,31.1,62.3,114.6054131054131,1597.8,3.0
1075,4745,1,3.0050420168067227,75.0,205.0,205.0,5600.0,3.5
1076,4751,1,3.0,47.0,116.5,114.6054131054131,935.0,5.2
1077,4754,1,2.0,71.0,205.0,114.6054131054131,3108.0,4.0
1078,4761,1,4.0,49.7,108.3,95.2,2624.7,
1079,4782,1,3.0,45.0,72.0,114.6054131054131,1050.0,
1080,4784,0,2.0,37.3,64.0,114.6054131054131,1148.3,
1081,4787,1,3.0050420168067227,32.0,40.0,114.6054131054131,1365.0,2.5
1082,4796,1,3.0050420168067227,52.8,108.3,114.6054131054131,3372.7,
1083,4805,1,3.0050420168067227,29.2,69.9,114.6054131054131,1640.4,
1084,4806,1,3.0050420168067227,29.8,52.5,114.6054131054131,2578.8,
1085,4811,1,1.0,31.7,87.93446200150488,114.6054131054131,1049.8,
1086,4839,0,3.0050420168067227,45.51390243902439,60.0,45.0,2400.0,
1087,4844,1,4.0,54.9,117.8,111.8,2202.8,4.7
1088,4855,0,3.0,65.6,191.6,177.0,1204.0,4.5
1089,4857,0,3.0,65.6,191.6,177.0,1204.0,4.5
1090,4858,1,3.0050420168067227,19.9,19.7,114.6054131054131,652.9,
1091,4869,1,5.0,50.0,100.0,114.6054131054131,2700.0,
1092,4900,0,3.0050420168067227,49.7,105.0,114.6054131054131,3395.7,
1093,4911,1,3.0050420168067227,49.7,92.0,114.6054131054131,3215.3,4.0
1094,4912,0,3.0050420168067227,45.51390243902439,32.8,114.6054131054131,1148.3,
1095,4917,1,3.0050420168067227,21.7,27.9,114.6054131054131,679.2,
1096,4919,1,2.0,60.0,130.0,114.2,3240.0,3.5
1097,4935,1,3.0050420168067227,37.0,32.0,41.0,2500.0,
1098,4939,1,4.0,60.0,140.0,114.6054131054131,3035.0,
1099,4943,1,3.0050420168067227,46.6,95.2,114.6054131054131,1049.8,
1100,4946,1,3.0050420168067227,29.1,42.7,114.6054131054131,1377.9,2.5
1101,4954,0,3.0050420168067227,35.0,38.0,114.6054131054131,900.0,
1102,4967,1,5.0,62.0,167.0,141.0,2924.0,4.8
1103,4976,0,3.0,47.0,116.5,114.6054131054131,935.0,5.2
1104,4980,1,3.0050420168067227,111.8,367.3,114.6054131054131,2887.2,
1105,4983,1,1.0,63.4,196.8,161.7,2690.3,
1106,4985,1,2.0,65.3,151.6,114.6054131054131,492.2,5.0
1107,4987,0,3.0050420168067227,50.5,94.6,85.0,3291.0,
1108,4990,1,3.0050420168067227,40.4,42.7,114.6054131054131,1312.3,
1109,4994,1,3.0050420168067227,50.0,72.0,62.0,2640.0,
1110,5032,1,3.0050420168067227,68.4,164.0,159.1,4409.4,
1111,5052,1,3.0050420168067227,37.3,42.7,114.6054131054131,1194.2,
1112,5057,1,3.0050420168067227,38.0,44.0,114.6054131054131,1300.0,
1113,5063,0,8.0,49.7,121.4,114.6054131054131,2624.7,
1114,5073,1,3.0,71.5,183.8,160.8,4150.3,4.0
1115,5081,1,7.0,60.0,143.0,135.0,3978.0,3.8
1116,5100,1,3.0050420168067227,28.6,36.1,114.6054131054131,921.9,
1117,5102,1,3.0050420168067227,19.3,44.3,114.6054131054131,1656.8,
1118,5106,1,1.0,43.5,87.93446200150488,114.6054131054131,2070.2,
1119,5108,1,3.0050420168067227,36.1,60.7,114.6054131054131,2282.2,
1120,5114,0,3.0050420168067227,15.5,11.5,114.6054131054131,196.8,
1121,5122,1,7.0,68.0,167.0,150.0,4124.0,
1122,5130,1,3.0050420168067227,12.3,17.8,114.6054131054131,656.2,
1123,5132,1,3.0,43.5,72.2,114.6054131054131,1184.4,4.5
1124,5144,0,3.0050420168067227,28.0,49.3,114.6054131054131,1213.9,
1125,5162,1,3.0050420168067227,37.3,80.4,114.6054131054131,1804.5,
1126,5196,0,3.0050420168067227,48.0,100.0,80.0,2800.0,
1127,5204,1,3.0050420168067227,20.0,35.0,114.6054131054131,1400.0,
1128,5254,1,4.0,41.0,95.0,65.0,2100.0,
1129,5267,1,3.0050420168067227,22.4,26.3,114.6054131054131,1181.1,
1130,5287,1,3.0050420168067227,95.0,318.3,306.8,8133.2,
1131,5288,1,3.0050420168067227,80.0,230.0,215.0,5282.0,
1132,5306,1,3.0050420168067227,31.1,52.5,114.6054131054131,1279.5,
1133,5314,1,3.0050420168067227,21.3,19.7,114.6054131054131,442.9,
1134,5318,1,5.0,50.0,105.0,114.6054131054131,2693.0,4.0
1135,5322,1,1.0,88.2,252.6,269.0,4757.2,4.8
1136,5370,1,3.0050420168067227,52.8,101.7,98.4,2477.0,
1137,5400,1,1.0,57.0,137.8,114.6054131054131,863.0,
1138,5407,1,1.0,57.0,137.8,114.6054131054131,863.0,
1139,5408,1,3.0050420168067227,29.1,42.7,114.6054131054131,1377.9,2.5
1140,5418,1,3.0050420168067227,28.0,45.9,114.6054131054131,1213.9,
1141,5430,1,3.0050420168067227,24.9,32.8,32.2,984.3,
1142,5453,1,4.0,62.1,147.6,114.6054131054131,2001.7804232804233,
1143,5461,1,3.0050420168067227,8.9,5.6,114.6054131054131,2001.7804232804233,
1144,5476,1,3.0050420168067227,37.3,65.6,114.6054131054131,2624.7,4.5
1145,5477,1,1.0,70.0,179.0,171.0,3266.0,
1146,5479,1,3.0050420168067227,34.2,65.6,114.6054131054131,1312.3,2.5
1147,5483,0,3.0,44.0,96.8,92.0,1421.0,
1148,5489,1,3.0050420168067227,26.7,36.1,114.6054131054131,1017.1,2.5
1149,5496,1,3.0,43.5,68.9,114.6054131054131,1230.3,3.9
1150,5499,1,3.0050420168067227,47.0,91.2,114.6054131054131,269.0,
1151,5513,1,1.0,45.51390243902439,33.0,114.6054131054131,656.2,
1152,5530,1,3.0050420168067227,65.0,150.0,150.0,3700.0,3.5
1153,5541,1,5.0,49.7,109.3,114.6054131054131,2260.5,
1154,5559,1,3.0,59.0,131.3,114.6054131054131,2979.0,
1155,5564,1,1.0,31.1,37.7,114.6054131054131,2001.7804232804233,
1156,5584,0,1.0,45.51390243902439,64.3,114.6054131054131,344.4,
1157,5586,1,5.0,49.7,109.3,114.6054131054131,2510.0,
1158,5601,1,3.0,63.0,163.0,128.0,2682.0,3.7
1159,5604,1,3.0050420168067227,31.0,48.0,27.0,1351.0,
1160,5614,1,3.0050420168067227,12.4,14.8,114.6054131054131,524.9,
1161,5625,0,1.0,45.51390243902439,36.1,114.6054131054131,1197.5,
1162,5664,1,3.0050420168067227,45.51390243902439,14.0,114.6054131054131,190.0,
1163,5671,1,3.0050420168067227,29.1,42.7,114.6054131054131,1377.9,2.5
1164,5682,0,1.0,70.0,224.0,114.6054131054131,1365.0,3.5
1165,5693,1,3.0050420168067227,60.9,131.3,114.6054131054131,5457.7,
1166,5706,1,3.0050420168067227,46.6,72.4,72.4,2585.0,
1167,5717,0,3.0,43.5,87.93446200150488,114.6054131054131,1902.9,
1168,5721,1,2.0,67.0,203.0,144.0,4777.0,
1169,5727,0,3.0,40.0,79.0,114.6054131054131,1936.0,3.5
1170,5733,1,1.0,55.0,148.0,114.6054131054131,800.0,
1171,5736,0,1.0,49.7,124.7,114.6054131054131,869.4,
1172,5737,0,3.0,44.7,98.4,114.6054131054131,1804.5,
1173,5741,0,3.0050420168067227,40.4,45.9,114.6054131054131,3280.8,
1174,5747,1,4.0,46.6,105.0,114.6054131054131,2585.3,
1175,5759,1,3.0050420168067227,40.4,62.3,114.6054131054131,1633.8,
1176,5776,0,3.0050420168067227,78.4,218.0,214.0,7032.0,4.5
1177,5787,1,3.0050420168067227,22.4,26.3,114.6054131054131,1181.1,
1178,5797,1,3.0,47.0,116.5,114.6054131054131,935.0,5.2
1179,5823,1,1.0,40.3,31.5,114.6054131054131,990.8,3.5
1180,5850,1,3.0050420168067227,18.6,27.9,114.6054131054131,487.2,
1181,5854,1,6.0,57.0,137.0,119.0,3790.0,
1182,5858,1,3.0050420168067227,45.51390243902439,56.0,114.6054131054131,1640.0,
1183,5882,0,3.0050420168067227,28.0,37.8,24.8,1377.9,
1184,5899,0,1.0,49.7,124.7,114.6054131054131,869.4,
1185,5944,1,3.0050420168067227,40.0,44.4,114.6054131054131,2200.0,
1186,5945,0,3.0050420168067227,52.0,81.0,114.6054131054131,2876.0,
1187,5955,0,3.0050420168067227,56.0,120.4,114.6054131054131,4376.7,2.8
1188,5959,1,3.0050420168067227,52.8,101.7,98.4,2477.0,
1189,5963,1,3.0050420168067227,34.2,52.5,114.6054131054131,1302.5,3.3
1190,5969,0,3.0,65.6,191.6,177.0,1204.0,4.5
1191,5975,1,3.0050420168067227,45.51390243902439,24.6,114.6054131054131,689.0,
1192,5987,1,3.0,78.3,249.3,114.6054131054131,3782.8,
1193,5991,0,1.0,50.0,90.0,114.6054131054131,2037.0,
1194,5997,1,2.0,51.0,106.0,100.0,2798.0,
1195,6002,1,5.0,44.7,101.7,114.6054131054131,2582.0,5.0
1196,6011,1,1.0,62.0,150.0,114.6054131054131,863.0,
1197,6060,1,4.0,49.7,124.0,114.6054131054131,2001.7804232804233,
1198,6066,1,4.0,50.0,128.0,144.0,2700.0,
1199,6079,1,3.0050420168067227,57.0,80.0,118.0,2900.0,
1200,6083,0,1.0,57.0,137.8,114.6054131054131,863.0,
1201,6099,0,3.0050420168067227,28.5,42.7,114.6054131054131,1099.1,
1202,6100,1,4.0,46.6,105.0,114.6054131054131,2585.3,
1203,6125,1,4.0,60.0,78.8,114.6054131054131,2705.0,4.5
1204,6142,0,1.0,45.0,56.0,47.0,635.0,4.0
1205,6143,1,3.0050420168067227,43.5,72.2,114.6054131054131,1542.0,
1206,6144,0,3.0050420168067227,50.0,95.0,114.6054131054131,2001.7804232804233,3.0
1207,6150,1,3.0050420168067227,16.2,10.8,114.6054131054131,197.5,
1208,6157,0,3.0050420168067227,22.4,24.0,114.6054131054131,721.0,
1209,6205,1,3.0050420168067227,85.0,235.0,255.0,4500.0,
1210,6235,1,2.0,37.3,82.0,114.6054131054131,1509.2,
1211,6243,1,3.0050420168067227,60.0,125.3,118.0,3935.0,
1212,6252,1,3.0050420168067227,40.7,59.1,114.6054131054131,2696.8,2.5
1213,6273,1,3.0050420168067227,19.9,19.7,114.6054131054131,652.9,
1214,6278,1,3.0050420168067227,47.0,68.0,67.0,2840.0,
1215,6281,1,3.0050420168067227,22.4,26.3,114.6054131054131,1181.1,
1216,6296,1,3.0,52.0,106.0,114.6054131054131,1800.0,
1217,6297,1,2.0,49.7,65.6,114.6054131054131,1771.6,4.5
1218,6307,1,1.0,45.51390243902439,59.0,114.6054131054131,1286.1,
1219,6338,1,3.0050420168067227,35.0,41.0,39.0,1356.0,
1220,6344,1,1.0,62.0,150.0,114.6054131054131,863.0,
1221,6362,1,3.0050420168067227,28.0,49.3,114.6054131054131,1328.8,
1222,6374,1,3.0050420168067227,51.6,108.3,114.6054131054131,2358.9,4.3
1223,6376,1,1.0,45.51390243902439,87.93446200150488,75.0,2614.0,
1224,6396,1,3.0050420168067227,28.9,38.4,114.6054131054131,3851.7,
1225,6444,1,4.0,46.6,95.0,114.6054131054131,2460.0,3.5
1226,6469,1,7.0,62.1,141.0,114.6054131054131,3280.8,
1227,6471,1,5.0,48.5,108.3,114.6054131054131,2606.0,
1228,6500,1,3.0050420168067227,56.0,120.0,102.0,3500.0,
1229,6503,1,3.0050420168067227,85.0,245.0,255.0,5312.0,
1230,6517,0,2.0,52.0,93.0,114.6054131054131,2200.0,
1231,6551,1,3.0050420168067227,45.0,71.0,65.0,2670.0,
1232,6593,0,3.0,47.0,116.5,114.6054131054131,935.0,5.2
1233,6599,1,3.0050420168067227,24.9,24.8,114.6054131054131,2001.7804232804233,
1234,6601,0,3.0050420168067227,22.4,36.4,114.6054131054131,984.3,
1235,6606,0,1.0,45.51390243902439,36.1,114.6054131054131,1197.5,
1236,6610,1,2.0,45.51390243902439,98.4,114.6054131054131,1279.5,
1237,6620,0,2.0,40.0,75.0,68.0,2400.0,
1238,6629,1,2.0,65.3,151.6,114.6054131054131,492.2,5.0
1239,6636,0,3.0050420168067227,55.0,101.5,100.0,3800.0,3.0
1240,6650,1,3.0050420168067227,29.1,42.7,114.6054131054131,1377.9,2.5
1241,6660,1,5.0,50.0,105.0,114.6054131054131,2700.0,4.0
1242,6687,1,6.0,55.9,131.2,114.6054131054131,3937.0,
1243,6695,1,3.0050420168067227,16.2,10.8,114.6054131054131,197.5,
1244,6706,1,3.0050420168067227,48.0,85.0,114.6054131054131,2956.0,
1245,6746,1,3.0050420168067227,64.6,183.8,150.9,5383.8,
1246,6755,1,3.0050420168067227,28.5,42.7,114.6054131054131,1099.1,
1247,6757,1,1.0,45.51390243902439,36.1,114.6054131054131,1197.5,
1248,6768,1,3.0050420168067227,22.4,26.3,114.6054131054131,1181.1,
1249,6786,1,3.0,47.0,116.5,114.6054131054131,935.0,5.2
1250,6830,1,3.0050420168067227,35.0,70.0,114.6054131054131,2590.0,
1251,6836,1,3.0050420168067227,50.0,95.0,114.6054131054131,3400.0,
1252,6842,1,3.0050420168067227,43.5,91.9,72.2,1492.8,
1253,6851,1,3.0,47.0,116.5,114.6054131054131,935.0,5.2
1254,6881,1,3.0,46.6,78.7,114.6054131054131,2001.7804232804233,
1255,6910,1,1.0,45.51390243902439,105.0,114.6054131054131,2624.7,
1256,6927,1,3.0050420168067227,21.7,27.9,114.6054131054131,679.2,
1257,6969,1,3.0050420168067227,40.4,65.6,62.3,2109.6,
1258,6980,1,3.0050420168067227,47.0,80.0,75.0,2750.0,
1259,6999,1,3.0050420168067227,28.0,55.8,7.0,1738.8,
1260,7040,1,2.0,45.0,91.0,114.6054131054131,1920.0,
1261,7051,1,3.0050420168067227,15.5,14.1,114.6054131054131,502.0,
1262,7066,0,2.0,37.3,64.0,114.6054131054131,1148.3,
1263,7074,0,3.0050420168067227,50.0,100.0,114.6054131054131,3200.0,
1264,7099,0,3.0050420168067227,29.1,42.7,114.6054131054131,1377.9,2.5
1265,7174,1,3.0050420168067227,22.4,26.3,114.6054131054131,1181.1,
1266,7176,1,5.0,57.0,150.0,114.6054131054131,2198.0,
1267,7210,0,2.0,40.0,75.0,68.0,2400.0,
1268,7222,1,3.0050420168067227,38.0,120.0,54.0,1019.0,
1269,7252,0,3.0050420168067227,45.51390243902439,18.0,12.0,200.0,
1270,7262,0,3.0050420168067227,34.2,105.0,114.6054131054131,810.4,
1271,7263,0,3.0050420168067227,65.0,179.7,124.0,5080.0,
1272,7272,1,3.0050420168067227,78.9,239.5,219.8,5315.0,4.0
1273,7311,1,3.0050420168067227,31.3,42.7,114.6054131054131,944.9,
1274,7320,1,2.0,50.0,80.0,114.6054131054131,3253.0,
1275,7385,1,3.0,59.0,131.3,114.6054131054131,2667.3,
1276,7386,1,3.0050420168067227,45.51390243902439,45.9,114.6054131054131,524.9,
1277,7400,0,3.0050420168067227,56.5,124.7,114.6054131054131,5958.0,
1278,7409,1,5.0,49.7,109.3,114.6054131054131,2260.5,
1279,7438,0,3.0050420168067227,18.8,20.7,114.6054131054131,767.8,
1280,7470,0,3.0050420168067227,31.1,44.3,114.6054131054131,1765.1,
1281,7473,1,3.0050420168067227,31.1,62.3,114.6054131054131,1410.8,
1282,7497,1,3.0,47.0,116.5,114.6054131054131,935.0,5.2
1283,7506,1,3.0050420168067227,37.3,39.4,114.6054131054131,2362.2,
1284,7539,1,3.0050420168067227,46.6,85.3,114.6054131054131,2723.1,
1285,7546,1,3.0050420168067227,43.5,73.8,114.6054131054131,1377.9,3.0
1286,7602,1,3.0050420168067227,26.0,48.6,114.6054131054131,1122.1,2.2
1287,7631,1,3.0050420168067227,62.8,147.7,114.6054131054131,711.9,
1288,7685,1,4.0,62.1,118.1,114.6054131054131,3464.5,3.8
1289,7714,1,3.0050420168067227,45.51390243902439,35.0,114.6054131054131,885.0,
1290,7756,1,2.0,72.0,165.0,180.0,3100.0,
1291,7790,1,3.0050420168067227,40.4,82.0,114.6054131054131,2952.8,
1292,7810,0,2.0,25.7,50.0,114.6054131054131,1282.8,3.3
1293,7846,1,3.0050420168067227,35.0,38.0,114.6054131054131,900.0,
1294,7849,1,3.0050420168067227,16.2,10.8,114.6054131054131,197.5,
1295,7856,1,6.0,67.0,170.0,164.0,4164.0,
1296,7857,1,3.0050420168067227,21.7,27.9,114.6054131054131,679.2,
1297,7860,1,3.0050420168067227,43.5,65.6,114.6054131054131,1640.4,
1298,7867,1,3.0050420168067227,28.8,17.1,114.6054131054131,967.8,
1299,7926,0,2.0,50.0,70.0,114.6054131054131,1250.0,
1300,7991,0,3.0050420168067227,26.7,36.1,114.6054131054131,1017.1,2.5
1301,7997,1,2.0,25.7,50.0,114.6054131054131,1282.8,3.3
1302,8034,0,3.0050420168067227,28.0,37.8,24.8,1377.9,
1303,8038,1,4.0,53.7,117.8,111.8,2454.1,
1304,8039,0,3.0050420168067227,29.1,42.7,114.6054131054131,1377.9,2.5
1305,8058,1,1.0,55.0,87.93446200150488,108.0,6072.0,
1306,8085,1,2.0,65.3,151.6,114.6054131054131,492.2,5.0
1307,8110,0,3.0,45.51390243902439,78.8,114.6054131054131,1624.0,
1308,8138,1,3.0050420168067227,51.0,77.0,114.6054131054131,2891.0,
1309,8169,1,3.0050420168067227,45.0,80.0,65.0,2767.0,
1310,8180,1,3.0050420168067227,51.1,91.6,90.0,3393.0,3.6
1311,8204,1,3.0050420168067227,21.7,27.9,114.6054131054131,679.2,
1312,8212,1,3.0050420168067227,72.7,98.4,114.6054131054131,4330.8,
1313,8243,1,3.0050420168067227,37.3,65.6,114.6054131054131,606.9,
1314,8255,1,3.0050420168067227,21.7,27.9,114.6054131054131,679.2,
1315,8262,1,1.0,78.9,239.5,219.8,4051.8,
1316,8376,1,3.0050420168067227,28.9,44.3,114.6054131054131,1910.8,
1317,8443,1,3.0050420168067227,59.0,164.0,114.6054131054131,2516.4,
1318,8467,0,3.0050420168067227,31.1,82.0,114.6054131054131,1902.9,
1319,8503,1,4.0,58.0,135.0,120.0,3110.0,
1320,8515,0,1.0,47.8,80.4,114.6054131054131,1942.3,
1321,8519,1,3.0050420168067227,18.0,21.3,114.6054131054131,708.7,1.5
1322,8523,0,3.0,43.5,75.5,114.6054131054131,1624.0,
1323,8549,1,3.0050420168067227,58.4,103.3,101.8,3681.1,
1324,8559,1,4.0,53.0,120.0,114.6054131054131,1640.4,4.0
1325,8560,1,1.0,74.6,206.7,114.6054131054131,4921.3,5.0
1326,8586,0,2.0,37.3,64.0,114.6054131054131,1148.3,
1327,8661,1,3.0050420168067227,53.7,108.2,114.6054131054131,3197.0,
1328,8678,1,3.0050420168067227,25.0,37.0,25.0,1300.0,
1329,8683,0,3.0050420168067227,45.51390243902439,95.0,92.0,3340.0,
1330,8733,1,3.0050420168067227,53.4,147.7,98.4,1650.3,
1331,8737,1,3.0050420168067227,46.6,63.3,114.6054131054131,1486.3,3.5
1332,8782,1,3.0050420168067227,60.0,90.0,85.0,2900.0,
1333,8813,0,3.0050420168067227,37.3,180.0,114.6054131054131,2368.0,3.0
1334,8864,1,3.0050420168067227,28.6,36.1,114.6054131054131,921.9,
1335,8883,1,3.0050420168067227,45.51390243902439,13.0,114.6054131054131,262.5,
1336,8944,1,3.0050420168067227,55.9,105.0,114.6054131054131,2624.7,4.5
1337,9009,0,3.0050420168067227,43.0,65.0,114.6054131054131,1700.0,
1338,9065,1,3.0050420168067227,55.9,98.4,114.6054131054131,2821.5,
1339,9088,1,3.0050420168067227,11.2,41.0,114.6054131054131,885.8,
1340,9091,1,3.0050420168067227,45.51390243902439,38.7,114.6054131054131,889.1,1.2
1341,9113,1,5.0,50.0,105.0,114.6054131054131,2700.0,4.0
1342,9137,1,3.0050420168067227,45.6,80.5,70.7,2379.0,
1343,9171,1,3.0050420168067227,67.0,159.0,154.0,6442.0,
1344,9177,1,5.0,57.2,119.8,116.1,3559.7,
1345,9197,0,2.0,40.0,75.0,68.0,2400.0,
1346,9238,1,4.0,55.9,98.4,114.6054131054131,2296.6,
1347,9242,0,5.0,45.51390243902439,111.0,114.6054131054131,2562.0,
1348,9253,1,3.0050420168067227,45.51390243902439,52.0,114.6054131054131,1339.0,
1349,9279,1,3.0050420168067227,43.5,98.4,114.6054131054131,229.7,4.5
1350,9305,1,3.0050420168067227,28.0,49.3,114.6054131054131,1213.9,
1351,9318,1,6.0,67.0,195.0,170.0,3828.0,3.7
1352,9323,1,3.0050420168067227,25.5,32.8,114.6054131054131,774.3,2.8
1353,9343,1,3.0050420168067227,45.51390243902439,13.0,114.6054131054131,262.5,
1354,9421,1,5.0,45.51390243902439,127.0,114.6054131054131,2543.0,
1355,9462,1,3.0050420168067227,85.0,160.0,228.0,3200.0,
1356,9478,1,3.0050420168067227,34.2,57.4,114.6054131054131,1745.4,
1357,9501,1,3.0050420168067227,32.9,45.9,114.6054131054131,2460.7,
1358,9549,1,3.0050420168067227,120.0,420.0,400.0,2800.0,
1359,9575,1,3.0050420168067227,25.5,22.7,114.6054131054131,1259.8,2.5
1360,9657,0,3.0050420168067227,21.7,27.9,114.6054131054131,679.2,
1361,9753,1,3.0050420168067227,58.0,70.0,75.0,1900.0,
1362,9775,1,3.0050420168067227,90.0,305.0,300.0,5100.0,
1363,9871,1,3.0050420168067227,35.0,32.0,36.0,1239.0,
1364,9912,1,3.0050420168067227,13.4,87.93446200150488,114.6054131054131,590.6,
1365,9994,0,3.0050420168067227,51.0,105.4,91.8,3508.0,3.5
